ratio,n_vars,n_clauses,solver,time_s,solve_rate,conflicts,status,trial_id
2.0,20,40,NP+ATSS,0.0,0.944,0,SAT,0
2.0,20,40,DPLL-Baseline,1.3e-05,1.0,12,SAT,0
2.0,20,40,Glucose4,0.0,1.0,0,SAT,0
2.0,20,40,NP+ATSS,0.0,0.919,0,SAT,1
2.0,20,40,DPLL-Baseline,1.8e-05,1.0,12,SAT,1
2.0,20,40,Glucose4,0.0,1.0,0,UNSAT,1
2.0,20,40,NP+ATSS,0.0,1.0,0,SAT,2
2.0,20,40,DPLL-Baseline,1.3e-05,0.946,10,SAT,2
2.0,20,40,Glucose4,0.0,0.92,0,SAT,2
2.0,20,40,NP+ATSS,0.0,0.973,0,SAT,3
2.0,20,40,DPLL-Baseline,1.5e-05,1.0,12,SAT,3
2.0,20,40,Glucose4,0.0,1.0,0,UNSAT,3
2.0,20,40,NP+ATSS,0.0,1.0,0,SAT,4
2.0,20,40,DPLL-Baseline,1.7e-05,1.0,13,SAT,4
2.0,20,40,Glucose4,0.0,0.963,0,SAT,4
2.0,20,40,NP+ATSS,0.0,1.0,0,SAT,5
2.0,20,40,DPLL-Baseline,1.7e-05,0.979,13,SAT,5
2.0,20,40,Glucose4,0.0,0.949,0,SAT,5
2.0,20,40,NP+ATSS,0.0,1.0,0,SAT,6
2.0,20,40,DPLL-Baseline,1.4e-05,1.0,12,SAT,6
2.0,20,40,Glucose4,0.0,0.922,0,SAT,6
2.0,20,40,NP+ATSS,0.0,0.984,0,SAT,7
2.0,20,40,DPLL-Baseline,1.9e-05,1.0,14,SAT,7
2.0,20,40,Glucose4,0.0,1.0,0,UNSAT,7
2.0,20,40,NP+ATSS,0.0,0.953,0,SAT,8
2.0,20,40,DPLL-Baseline,1.6e-05,0.991,14,SAT,8
2.0,20,40,Glucose4,0.0,1.0,0,UNSAT,8
2.0,20,40,NP+ATSS,0.0,1.0,0,SAT,9
2.0,20,40,DPLL-Baseline,1.7e-05,0.931,13,SAT,9
2.0,20,40,Glucose4,0.0,1.0,0,SAT,9
2.2,20,44,NP+ATSS,0.0,0.904,0,SAT,0
2.2,20,44,DPLL-Baseline,2.5e-05,0.933,20,SAT,0
2.2,20,44,Glucose4,0.0,0.917,0,UNSAT,0
2.2,20,44,NP+ATSS,0.0,1.0,0,SAT,1
2.2,20,44,DPLL-Baseline,2.2e-05,0.98,22,SAT,1
2.2,20,44,Glucose4,0.0,0.942,0,UNSAT,1
2.2,20,44,NP+ATSS,0.0,0.94,0,SAT,2
2.2,20,44,DPLL-Baseline,2.3e-05,0.958,25,UNSAT,2
2.2,20,44,Glucose4,0.0,0.968,0,SAT,2
2.2,20,44,NP+ATSS,0.0,0.944,0,SAT,3
2.2,20,44,DPLL-Baseline,2e-05,1.0,28,SAT,3
2.2,20,44,Glucose4,0.0,1.0,0,SAT,3
2.2,20,44,NP+ATSS,0.0,1.0,0,SAT,4
2.2,20,44,DPLL-Baseline,2.5e-05,1.0,21,SAT,4
2.2,20,44,Glucose4,0.0,0.985,0,SAT,4
2.2,20,44,NP+ATSS,0.0,1.0,0,SAT,5
2.2,20,44,DPLL-Baseline,2.1e-05,0.939,28,SAT,5
2.2,20,44,Glucose4,0.0,0.99,0,SAT,5
2.2,20,44,NP+ATSS,0.0,0.95,0,SAT,6
2.2,20,44,DPLL-Baseline,2.5e-05,0.98,20,SAT,6
2.2,20,44,Glucose4,0.0,1.0,0,UNSAT,6
2.2,20,44,NP+ATSS,0.0,0.933,0,SAT,7
2.2,20,44,DPLL-Baseline,2.1e-05,0.884,23,SAT,7
2.2,20,44,Glucose4,0.0,1.0,0,UNSAT,7
2.2,20,44,NP+ATSS,0.0,1.0,0,SAT,8
2.2,20,44,DPLL-Baseline,2.4e-05,0.903,22,SAT,8
2.2,20,44,Glucose4,0.0,1.0,0,UNSAT,8
2.2,20,44,NP+ATSS,0.0,1.0,0,SAT,9
2.2,20,44,DPLL-Baseline,1.9e-05,1.0,20,SAT,9
2.2,20,44,Glucose4,0.0,1.0,0,SAT,9
2.4,20,48,NP+ATSS,0.0,1.0,0,SAT,0
2.4,20,48,DPLL-Baseline,3.4e-05,0.925,45,SAT,0
2.4,20,48,Glucose4,0.0,0.941,0,SAT,0
2.4,20,48,NP+ATSS,0.0,0.979,0,SAT,1
2.4,20,48,DPLL-Baseline,3e-05,0.987,36,SAT,1
2.4,20,48,Glucose4,0.0,1.0,0,SAT,1
2.4,20,48,NP+ATSS,0.0,0.953,0,SAT,2
2.4,20,48,DPLL-Baseline,3.7e-05,0.915,37,SAT,2
2.4,20,48,Glucose4,0.0,1.0,0,UNSAT,2
2.4,20,48,NP+ATSS,0.0,0.902,0,SAT,3
2.4,20,48,DPLL-Baseline,3.4e-05,1.0,37,SAT,3
2.4,20,48,Glucose4,0.0,1.0,0,SAT,3
2.4,20,48,NP+ATSS,0.0,1.0,0,SAT,4
2.4,20,48,DPLL-Baseline,2.9e-05,0.938,51,SAT,4
2.4,20,48,Glucose4,0.0,0.985,0,UNSAT,4
2.4,20,48,NP+ATSS,0.0,1.0,0,SAT,5
2.4,20,48,DPLL-Baseline,3.5e-05,0.95,42,SAT,5
2.4,20,48,Glucose4,0.0,1.0,0,SAT,5
2.4,20,48,NP+ATSS,0.0,1.0,0,SAT,6
2.4,20,48,DPLL-Baseline,2.7e-05,0.904,51,SAT,6
2.4,20,48,Glucose4,0.0,1.0,0,UNSAT,6
2.4,20,48,NP+ATSS,0.0,0.921,0,SAT,7
2.4,20,48,DPLL-Baseline,3.1e-05,0.963,37,SAT,7
2.4,20,48,Glucose4,0.0,1.0,0,UNSAT,7
2.4,20,48,NP+ATSS,0.0,0.905,0,SAT,8
2.4,20,48,DPLL-Baseline,3.8e-05,0.997,50,SAT,8
2.4,20,48,Glucose4,0.0,1.0,0,UNSAT,8
2.4,20,48,NP+ATSS,0.0,1.0,0,SAT,9
2.4,20,48,DPLL-Baseline,3.1e-05,0.903,49,SAT,9
2.4,20,48,Glucose4,0.0,0.939,0,SAT,9
2.6,20,52,NP+ATSS,0.0,1.0,0,SAT,0
2.6,20,52,DPLL-Baseline,4.3e-05,0.998,71,SAT,0
2.6,20,52,Glucose4,0.0,1.0,0,UNSAT,0
2.6,20,52,NP+ATSS,0.0,0.953,0,SAT,1
2.6,20,52,DPLL-Baseline,4.9e-05,0.876,72,SAT,1
2.6,20,52,Glucose4,0.0,1.0,0,SAT,1
2.6,20,52,NP+ATSS,0.0,0.9,0,SAT,2
2.6,20,52,DPLL-Baseline,4.9e-05,0.954,74,SAT,2
2.6,20,52,Glucose4,0.0,1.0,0,SAT,2
2.6,20,52,NP+ATSS,0.0,1.0,0,SAT,3
2.6,20,52,DPLL-Baseline,4.2e-05,0.893,67,SAT,3
2.6,20,52,Glucose4,0.0,0.984,0,SAT,3
2.6,20,52,NP+ATSS,0.0,1.0,0,SAT,4
2.6,20,52,DPLL-Baseline,4.6e-05,0.819,64,SAT,4
2.6,20,52,Glucose4,0.0,1.0,0,SAT,4
2.6,20,52,NP+ATSS,0.0,0.943,0,SAT,5
2.6,20,52,DPLL-Baseline,5e-05,0.85,58,SAT,5
2.6,20,52,Glucose4,0.0,0.967,0,SAT,5
2.6,20,52,NP+ATSS,0.0,1.0,0,SAT,6
2.6,20,52,DPLL-Baseline,3.6e-05,0.864,69,SAT,6
2.6,20,52,Glucose4,0.0,0.983,0,UNSAT,6
2.6,20,52,NP+ATSS,0.0,1.0,0,SAT,7
2.6,20,52,DPLL-Baseline,4.8e-05,0.82,77,SAT,7
2.6,20,52,Glucose4,0.0,0.985,0,UNSAT,7
2.6,20,52,NP+ATSS,0.0,1.0,0,SAT,8
2.6,20,52,DPLL-Baseline,5.1e-05,0.902,78,SAT,8
2.6,20,52,Glucose4,0.0,1.0,0,UNSAT,8
2.6,20,52,NP+ATSS,0.0,1.0,0,SAT,9
2.6,20,52,DPLL-Baseline,5.1e-05,0.919,81,SAT,9
2.6,20,52,Glucose4,0.0,0.952,0,UNSAT,9
2.8,20,56,NP+ATSS,0.0,1.0,0,SAT,0
2.8,20,56,DPLL-Baseline,5.8e-05,0.806,98,SAT,0
2.8,20,56,Glucose4,0.0,1.0,0,SAT,0
2.8,20,56,NP+ATSS,0.0,1.0,0,SAT,1
2.8,20,56,DPLL-Baseline,6.2e-05,0.887,104,SAT,1
2.8,20,56,Glucose4,0.0,1.0,0,SAT,1
2.8,20,56,NP+ATSS,0.0,1.0,0,SAT,2
2.8,20,56,DPLL-Baseline,5.1e-05,0.854,118,SAT,2
2.8,20,56,Glucose4,0.0,0.984,0,UNSAT,2
2.8,20,56,NP+ATSS,0.0,1.0,0,SAT,3
2.8,20,56,DPLL-Baseline,6.2e-05,0.797,100,SAT,3
2.8,20,56,Glucose4,0.0,0.933,0,UNSAT,3
2.8,20,56,NP+ATSS,0.0,1.0,0,SAT,4
2.8,20,56,DPLL-Baseline,6.6e-05,0.797,114,SAT,4
2.8,20,56,Glucose4,0.0,0.91,0,SAT,4
2.8,20,56,NP+ATSS,0.0,0.965,0,SAT,5
2.8,20,56,DPLL-Baseline,7e-05,0.938,97,SAT,5
2.8,20,56,Glucose4,0.0,1.0,0,SAT,5
2.8,20,56,NP+ATSS,0.0,1.0,0,SAT,6
2.8,20,56,DPLL-Baseline,7.1e-05,0.959,95,SAT,6
2.8,20,56,Glucose4,0.0,0.925,0,SAT,6
2.8,20,56,NP+ATSS,0.0,0.944,0,SAT,7
2.8,20,56,DPLL-Baseline,5.5e-05,0.899,118,SAT,7
2.8,20,56,Glucose4,0.0,1.0,0,SAT,7
2.8,20,56,NP+ATSS,0.0,0.962,0,SAT,8
2.8,20,56,DPLL-Baseline,6.1e-05,0.918,89,UNSAT,8
2.8,20,56,Glucose4,0.0,0.92,0,UNSAT,8
2.8,20,56,NP+ATSS,0.0,1.0,0,SAT,9
2.8,20,56,DPLL-Baseline,7.1e-05,0.853,104,UNSAT,9
2.8,20,56,Glucose4,0.0,0.968,0,SAT,9
3.0,20,60,NP+ATSS,0.0,0.921,0,SAT,0
3.0,20,60,DPLL-Baseline,0.000102,0.885,156,SAT,0
3.0,20,60,Glucose4,0.0,0.954,0,UNSAT,0
3.0,20,60,NP+ATSS,0.0,0.997,0,SAT,1
3.0,20,60,DPLL-Baseline,8.2e-05,0.91,182,SAT,1
3.0,20,60,Glucose4,0.0,0.949,0,SAT,1
3.0,20,60,NP+ATSS,0.0,0.976,0,SAT,2
3.0,20,60,DPLL-Baseline,7.9e-05,0.801,180,UNSAT,2
3.0,20,60,Glucose4,0.0,1.0,0,SAT,2
3.0,20,60,NP+ATSS,0.0,1.0,0,SAT,3
3.0,20,60,DPLL-Baseline,9e-05,0.894,173,SAT,3
3.0,20,60,Glucose4,0.0,1.0,0,UNSAT,3
3.0,20,60,NP+ATSS,0.0,1.0,0,SAT,4
3.0,20,60,DPLL-Baseline,8.9e-05,0.855,156,SAT,4
3.0,20,60,Glucose4,0.0,1.0,0,UNSAT,4
3.0,20,60,NP+ATSS,0.0,0.924,0,SAT,5
3.0,20,60,DPLL-Baseline,9.1e-05,0.895,140,SAT,5
3.0,20,60,Glucose4,0.0,1.0,0,SAT,5
3.0,20,60,NP+ATSS,0.0,0.957,0,SAT,6
3.0,20,60,DPLL-Baseline,8e-05,0.796,129,SAT,6
3.0,20,60,Glucose4,0.0,1.0,0,SAT,6
3.0,20,60,NP+ATSS,0.0,0.925,0,SAT,7
3.0,20,60,DPLL-Baseline,0.000103,0.863,159,SAT,7
3.0,20,60,Glucose4,0.0,0.91,0,SAT,7
3.0,20,60,NP+ATSS,0.0,1.0,0,SAT,8
3.0,20,60,DPLL-Baseline,9.5e-05,0.774,138,SAT,8
3.0,20,60,Glucose4,0.0,1.0,0,SAT,8
3.0,20,60,NP+ATSS,0.0,1.0,0,SAT,9
3.0,20,60,DPLL-Baseline,9.1e-05,0.842,157,SAT,9
3.0,20,60,Glucose4,0.0,0.961,0,UNSAT,9
3.2,20,64,NP+ATSS,0.0,1.0,0,SAT,0
3.2,20,64,DPLL-Baseline,0.000113,0.846,203,SAT,0
3.2,20,64,Glucose4,0.0,0.901,0,SAT,0
3.2,20,64,NP+ATSS,0.0,0.958,0,SAT,1
3.2,20,64,DPLL-Baseline,0.000138,0.812,253,SAT,1
3.2,20,64,Glucose4,0.0,1.0,0,UNSAT,1
3.2,20,64,NP+ATSS,0.0,0.985,0,SAT,2
3.2,20,64,DPLL-Baseline,0.000149,0.874,195,SAT,2
3.2,20,64,Glucose4,0.0,1.0,0,SAT,2
3.2,20,64,NP+ATSS,0.0,0.925,0,SAT,3
3.2,20,64,DPLL-Baseline,0.000151,0.82,235,SAT,3
3.2,20,64,Glucose4,0.0,0.986,0,SAT,3
3.2,20,64,NP+ATSS,0.0,0.918,0,SAT,4
3.2,20,64,DPLL-Baseline,0.000132,0.894,283,UNSAT,4
3.2,20,64,Glucose4,0.0,0.908,0,UNSAT,4
3.2,20,64,NP+ATSS,0.0,1.0,0,SAT,5
3.2,20,64,DPLL-Baseline,0.000132,0.842,235,SAT,5
3.2,20,64,Glucose4,0.0,0.967,0,SAT,5
3.2,20,64,NP+ATSS,0.0,0.966,0,SAT,6
3.2,20,64,DPLL-Baseline,0.000151,0.871,240,SAT,6
3.2,20,64,Glucose4,0.0,0.965,0,SAT,6
3.2,20,64,NP+ATSS,0.0,1.0,0,SAT,7
3.2,20,64,DPLL-Baseline,0.00013,0.806,206,SAT,7
3.2,20,64,Glucose4,0.0,1.0,0,SAT,7
3.2,20,64,NP+ATSS,0.0,1.0,0,SAT,8
3.2,20,64,DPLL-Baseline,0.000138,0.758,280,SAT,8
3.2,20,64,Glucose4,0.0,0.932,0,UNSAT,8
3.2,20,64,NP+ATSS,0.0,0.919,0,SAT,9
3.2,20,64,DPLL-Baseline,0.000126,0.757,267,UNSAT,9
3.2,20,64,Glucose4,0.0,1.0,0,SAT,9
3.4,20,68,NP+ATSS,0.0,1.0,0,SAT,0
3.4,20,68,DPLL-Baseline,0.000173,0.857,343,SAT,0
3.4,20,68,Glucose4,0.0,0.955,0,UNSAT,0
3.4,20,68,NP+ATSS,0.0,1.0,0,SAT,1
3.4,20,68,DPLL-Baseline,0.000165,0.758,353,UNSAT,1
3.4,20,68,Glucose4,0.0,0.93,0,UNSAT,1
3.4,20,68,NP+ATSS,0.0,1.0,0,SAT,2
3.4,20,68,DPLL-Baseline,0.000168,0.741,369,SAT,2
3.4,20,68,Glucose4,0.0,1.0,0,SAT,2
3.4,20,68,NP+ATSS,0.0,1.0,0,SAT,3
3.4,20,68,DPLL-Baseline,0.000193,0.841,407,SAT,3
3.4,20,68,Glucose4,0.0,1.0,0,SAT,3
3.4,20,68,NP+ATSS,0.0,1.0,0,SAT,4
3.4,20,68,DPLL-Baseline,0.000178,0.825,329,SAT,4
3.4,20,68,Glucose4,0.0,0.994,0,UNSAT,4
3.4,20,68,NP+ATSS,0.0,1.0,0,SAT,5
3.4,20,68,DPLL-Baseline,0.000207,0.847,325,UNSAT,5
3.4,20,68,Glucose4,0.0,1.0,0,SAT,5
3.4,20,68,NP+ATSS,0.0,0.914,0,SAT,6
3.4,20,68,DPLL-Baseline,0.000217,0.829,332,UNSAT,6
3.4,20,68,Glucose4,0.0,1.0,0,SAT,6
3.4,20,68,NP+ATSS,0.0,1.0,0,SAT,7
3.4,20,68,DPLL-Baseline,0.000166,0.77,293,UNSAT,7
3.4,20,68,Glucose4,0.0,1.0,0,SAT,7
3.4,20,68,NP+ATSS,0.0,1.0,0,SAT,8
3.4,20,68,DPLL-Baseline,0.000211,0.734,336,SAT,8
3.4,20,68,Glucose4,0.0,0.902,0,SAT,8
3.4,20,68,NP+ATSS,0.0,1.0,0,SAT,9
3.4,20,68,DPLL-Baseline,0.00017,0.804,361,SAT,9
3.4,20,68,Glucose4,0.0,1.0,0,SAT,9
3.6,20,72,NP+ATSS,0.001043,0.791,7,SAT,0
3.6,20,72,DPLL-Baseline,0.000306,0.729,586,SAT,0
3.6,20,72,Glucose4,0.0,1.0,0,UNSAT,0
3.6,20,72,NP+ATSS,0.000861,0.852,6,SAT,1
3.6,20,72,DPLL-Baseline,0.000234,0.805,513,UNSAT,1
3.6,20,72,Glucose4,0.0,1.0,0,SAT,1
3.6,20,72,NP+ATSS,0.001117,0.891,7,SAT,2
3.6,20,72,DPLL-Baseline,0.000271,0.731,480,UNSAT,2
3.6,20,72,Glucose4,0.0,0.918,0,SAT,2
3.6,20,72,NP+ATSS,0.000914,0.773,7,SAT,3
3.6,20,72,DPLL-Baseline,0.000259,0.823,557,UNSAT,3
3.6,20,72,Glucose4,0.0,0.996,0,SAT,3
3.6,20,72,NP+ATSS,0.000982,0.77,8,SAT,4
3.6,20,72,DPLL-Baseline,0.000304,0.815,536,SAT,4
3.6,20,72,Glucose4,0.0,1.0,0,UNSAT,4
3.6,20,72,NP+ATSS,0.000846,0.841,6,SAT,5
3.6,20,72,DPLL-Baseline,0.000274,0.773,555,SAT,5
3.6,20,72,Glucose4,0.0,0.947,0,UNSAT,5
3.6,20,72,NP+ATSS,0.001076,0.904,6,UNSAT,6
3.6,20,72,DPLL-Baseline,0.000289,0.822,453,SAT,6
3.6,20,72,Glucose4,0.0,1.0,0,SAT,6
3.6,20,72,NP+ATSS,0.000881,0.899,5,SAT,7
3.6,20,72,DPLL-Baseline,0.000273,0.797,579,SAT,7
3.6,20,72,Glucose4,0.0,0.931,0,SAT,7
3.6,20,72,NP+ATSS,0.001046,0.819,8,SAT,8
3.6,20,72,DPLL-Baseline,0.000243,0.751,580,SAT,8
3.6,20,72,Glucose4,0.0,1.0,0,UNSAT,8
3.6,20,72,NP+ATSS,0.000991,0.818,6,UNSAT,9
3.6,20,72,DPLL-Baseline,0.000292,0.753,524,SAT,9
3.6,20,72,Glucose4,0.0,0.904,0,UNSAT,9
3.8,20,76,NP+ATSS,0.00102,0.79,6,SAT,0
3.8,20,76,DPLL-Baseline,0.00032,0.689,808,UNSAT,0
3.8,20,76,Glucose4,0.0,1.0,0,SAT,0
3.8,20,76,NP+ATSS,0.001029,0.722,7,UNSAT,1
3.8,20,76,DPLL-Baseline,0.000385,0.661,567,SAT,1
3.8,20,76,Glucose4,0.0,0.965,0,UNSAT,1
3.8,20,76,NP+ATSS,0.001316,0.784,8,SAT,2
3.8,20,76,DPLL-Baseline,0.000402,0.732,593,SAT,2
3.8,20,76,Glucose4,0.0,0.909,0,SAT,2
3.8,20,76,NP+ATSS,0.00121,0.773,9,UNSAT,3
3.8,20,76,DPLL-Baseline,0.000359,0.716,756,SAT,3
3.8,20,76,Glucose4,0.0,0.915,0,SAT,3
3.8,20,76,NP+ATSS,0.000992,0.744,8,SAT,4
3.8,20,76,DPLL-Baseline,0.000337,0.802,712,SAT,4
3.8,20,76,Glucose4,0.0,0.92,0,SAT,4
3.8,20,76,NP+ATSS,0.001272,0.821,8,UNSAT,5
3.8,20,76,DPLL-Baseline,0.000355,0.69,658,SAT,5
3.8,20,76,Glucose4,0.0,0.919,0,SAT,5
3.8,20,76,NP+ATSS,0.00114,0.725,9,SAT,6
3.8,20,76,DPLL-Baseline,0.00041,0.671,590,SAT,6
3.8,20,76,Glucose4,0.0,1.0,0,UNSAT,6
3.8,20,76,NP+ATSS,0.001118,0.721,7,SAT,7
3.8,20,76,DPLL-Baseline,0.000398,0.784,766,SAT,7
3.8,20,76,Glucose4,0.0,0.97,0,UNSAT,7
3.8,20,76,NP+ATSS,0.001275,0.737,6,SAT,8
3.8,20,76,DPLL-Baseline,0.000343,0.768,724,UNSAT,8
3.8,20,76,Glucose4,0.0,1.0,0,UNSAT,8
3.8,20,76,NP+ATSS,0.001268,0.706,9,SAT,9
3.8,20,76,DPLL-Baseline,0.000328,0.683,761,UNSAT,9
3.8,20,76,Glucose4,0.0,0.901,0,SAT,9
4.0,20,80,NP+ATSS,0.001296,0.673,9,SAT,0
4.0,20,80,DPLL-Baseline,0.000281,0.66,476,SAT,0
4.0,20,80,Glucose4,0.0,1.0,0,SAT,0
4.0,20,80,NP+ATSS,0.001126,0.66,7,SAT,1
4.0,20,80,DPLL-Baseline,0.000274,0.668,523,SAT,1
4.0,20,80,Glucose4,0.0,0.955,0,SAT,1
4.0,20,80,NP+ATSS,0.001312,0.693,9,SAT,2
4.0,20,80,DPLL-Baseline,0.000273,0.636,471,SAT,2
4.0,20,80,Glucose4,0.0,0.96,0,SAT,2
4.0,20,80,NP+ATSS,0.001218,0.7,7,SAT,3
4.0,20,80,DPLL-Baseline,0.000223,0.683,532,UNSAT,3
4.0,20,80,Glucose4,0.0,1.0,0,SAT,3
4.0,20,80,NP+ATSS,0.001103,0.655,10,UNSAT,4
4.0,20,80,DPLL-Baseline,0.000264,0.71,533,UNSAT,4
4.0,20,80,Glucose4,0.0,0.904,0,SAT,4
4.0,20,80,NP+ATSS,0.001414,0.773,10,UNSAT,5
4.0,20,80,DPLL-Baseline,0.000291,0.664,509,SAT,5
4.0,20,80,Glucose4,0.0,0.962,0,SAT,5
4.0,20,80,NP+ATSS,0.001171,0.726,7,SAT,6
4.0,20,80,DPLL-Baseline,0.000298,0.679,536,SAT,6
4.0,20,80,Glucose4,0.0,0.947,0,UNSAT,6
4.0,20,80,NP+ATSS,0.001405,0.762,9,SAT,7
4.0,20,80,DPLL-Baseline,0.000284,0.699,542,SAT,7
4.0,20,80,Glucose4,0.0,1.0,0,UNSAT,7
4.0,20,80,NP+ATSS,0.001417,0.777,9,SAT,8
4.0,20,80,DPLL-Baseline,0.000212,0.692,453,SAT,8
4.0,20,80,Glucose4,0.0,1.0,0,SAT,8
4.0,20,80,NP+ATSS,0.001111,0.772,7,SAT,9
4.0,20,80,DPLL-Baseline,0.000292,0.716,493,UNSAT,9
4.0,20,80,Glucose4,0.0,1.0,0,SAT,9
4.1,20,82,NP+ATSS,0.001686,0.718,9,SAT,0
4.1,20,82,DPLL-Baseline,0.00022,0.625,413,SAT,0
4.1,20,82,Glucose4,0.0,0.521,0,UNSAT,0
4.1,20,82,NP+ATSS,0.001349,0.688,9,SAT,1
4.1,20,82,DPLL-Baseline,0.000221,0.668,449,SAT,1
4.1,20,82,Glucose4,0.0,0.51,0,SAT,1
4.1,20,82,NP+ATSS,0.00124,0.64,10,SAT,2
4.1,20,82,DPLL-Baseline,0.000279,0.706,571,SAT,2
4.1,20,82,Glucose4,0.0,0.508,0,UNSAT,2
4.1,20,82,NP+ATSS,0.001781,0.725,9,SAT,3
4.1,20,82,DPLL-Baseline,0.000301,0.659,467,SAT,3
4.1,20,82,Glucose4,0.0,0.517,0,UNSAT,3
4.1,20,82,NP+ATSS,0.001611,0.701,10,UNSAT,4
4.1,20,82,DPLL-Baseline,0.000242,0.666,429,SAT,4
4.1,20,82,Glucose4,0.0,0.499,0,SAT,4
4.1,20,82,NP+ATSS,0.001246,0.745,8,SAT,5
4.1,20,82,DPLL-Baseline,0.00029,0.738,401,UNSAT,5
4.1,20,82,Glucose4,0.0,0.463,0,SAT,5
4.1,20,82,NP+ATSS,0.001699,0.735,11,SAT,6
4.1,20,82,DPLL-Baseline,0.00025,0.673,526,SAT,6
4.1,20,82,Glucose4,0.0,0.478,0,SAT,6
4.1,20,82,NP+ATSS,0.00152,0.67,11,SAT,7
4.1,20,82,DPLL-Baseline,0.00029,0.667,579,SAT,7
4.1,20,82,Glucose4,0.0,0.478,0,UNSAT,7
4.1,20,82,NP+ATSS,0.00178,0.741,11,SAT,8
4.1,20,82,DPLL-Baseline,0.00023,0.704,565,SAT,8
4.1,20,82,Glucose4,0.0,0.535,0,SAT,8
4.1,20,82,NP+ATSS,0.001658,0.665,11,SAT,9
4.1,20,82,DPLL-Baseline,0.00025,0.746,437,SAT,9
4.1,20,82,Glucose4,0.0,0.453,0,SAT,9
4.2,20,84,NP+ATSS,0.001341,0.735,9,SAT,0
4.2,20,84,DPLL-Baseline,0.0003,0.715,521,SAT,0
4.2,20,84,Glucose4,0.0,0.479,0,UNSAT,0
4.2,20,84,NP+ATSS,0.001283,0.697,9,UNSAT,1
4.2,20,84,DPLL-Baseline,0.000213,0.637,557,SAT,1
4.2,20,84,Glucose4,0.0,0.503,0,SAT,1
4.2,20,84,NP+ATSS,0.001381,0.609,9,SAT,2
4.2,20,84,DPLL-Baseline,0.000252,0.618,571,UNSAT,2
4.2,20,84,Glucose4,0.0,0.502,0,SAT,2
4.2,20,84,NP+ATSS,0.001458,0.685,8,SAT,3
4.2,20,84,DPLL-Baseline,0.000273,0.614,585,SAT,3
4.2,20,84,Glucose4,0.0,0.501,0,SAT,3
4.2,20,84,NP+ATSS,0.001434,0.665,10,SAT,4
4.2,20,84,DPLL-Baseline,0.000231,0.605,548,UNSAT,4
4.2,20,84,Glucose4,0.0,0.513,0,SAT,4
4.2,20,84,NP+ATSS,0.0014,0.608,10,UNSAT,5
4.2,20,84,DPLL-Baseline,0.000223,0.707,485,UNSAT,5
4.2,20,84,Glucose4,0.0,0.531,0,UNSAT,5
4.2,20,84,NP+ATSS,0.001475,0.642,8,UNSAT,6
4.2,20,84,DPLL-Baseline,0.000209,0.728,495,SAT,6
4.2,20,84,Glucose4,0.0,0.475,0,UNSAT,6
4.2,20,84,NP+ATSS,0.001414,0.707,11,SAT,7
4.2,20,84,DPLL-Baseline,0.000218,0.652,568,SAT,7
4.2,20,84,Glucose4,0.0,0.489,0,UNSAT,7
4.2,20,84,NP+ATSS,0.001499,0.726,10,SAT,8
4.2,20,84,DPLL-Baseline,0.000279,0.614,512,UNSAT,8
4.2,20,84,Glucose4,0.0,0.482,0,UNSAT,8
4.2,20,84,NP+ATSS,0.001384,0.683,9,SAT,9
4.2,20,84,DPLL-Baseline,0.000241,0.609,564,UNSAT,9
4.2,20,84,Glucose4,0.0,0.477,0,SAT,9
4.26,20,85,NP+ATSS,0.00137,0.671,10,UNSAT,0
4.26,20,85,DPLL-Baseline,0.000274,0.721,421,UNSAT,0
4.26,20,85,Glucose4,0.0,0.453,0,UNSAT,0
4.26,20,85,NP+ATSS,0.001562,0.637,11,UNSAT,1
4.26,20,85,DPLL-Baseline,0.000274,0.72,466,SAT,1
4.26,20,85,Glucose4,0.0,0.503,0,UNSAT,1
4.26,20,85,NP+ATSS,0.001485,0.602,12,SAT,2
4.26,20,85,DPLL-Baseline,0.000244,0.669,445,SAT,2
4.26,20,85,Glucose4,0.0,0.55,0,SAT,2
4.26,20,85,NP+ATSS,0.001644,0.603,12,UNSAT,3
4.26,20,85,DPLL-Baseline,0.000297,0.654,410,SAT,3
4.26,20,85,Glucose4,0.0,0.482,0,UNSAT,3
4.26,20,85,NP+ATSS,0.001678,0.704,12,SAT,4
4.26,20,85,DPLL-Baseline,0.0003,0.679,549,UNSAT,4
4.26,20,85,Glucose4,0.0,0.47,0,SAT,4
4.26,20,85,NP+ATSS,0.001337,0.66,10,UNSAT,5
4.26,20,85,DPLL-Baseline,0.000261,0.676,410,UNSAT,5
4.26,20,85,Glucose4,0.0,0.522,0,SAT,5
4.26,20,85,NP+ATSS,0.001863,0.597,13,UNSAT,6
4.26,20,85,DPLL-Baseline,0.000251,0.685,461,SAT,6
4.26,20,85,Glucose4,0.0,0.514,0,UNSAT,6
4.26,20,85,NP+ATSS,0.001606,0.706,9,UNSAT,7
4.26,20,85,DPLL-Baseline,0.00022,0.617,457,SAT,7
4.26,20,85,Glucose4,0.0,0.544,0,UNSAT,7
4.26,20,85,NP+ATSS,0.001485,0.67,11,UNSAT,8
4.26,20,85,DPLL-Baseline,0.000236,0.665,492,SAT,8
4.26,20,85,Glucose4,0.0,0.465,0,SAT,8
4.26,20,85,NP+ATSS,0.001719,0.697,11,UNSAT,9
4.26,20,85,DPLL-Baseline,0.000208,0.601,519,UNSAT,9
4.26,20,85,Glucose4,0.0,0.527,0,SAT,9
4.27,20,85,NP+ATSS,0.003597,1.0,21,SAT,0
4.27,20,85,DPLL-Baseline,0.000254,0.7,528,UNSAT,0
4.27,20,85,Glucose4,1.5e-05,0.274,18,UNSAT,0
4.27,20,85,NP+ATSS,0.003577,0.941,25,SAT,1
4.27,20,85,DPLL-Baseline,0.000278,0.69,563,SAT,1
4.27,20,85,Glucose4,1.9e-05,0.278,20,UNSAT,1
4.27,20,85,NP+ATSS,0.00334,0.993,21,SAT,2
4.27,20,85,DPLL-Baseline,0.000215,0.632,469,SAT,2
4.27,20,85,Glucose4,1.7e-05,0.285,25,UNSAT,2
4.27,20,85,NP+ATSS,0.003352,1.0,22,SAT,3
4.27,20,85,DPLL-Baseline,0.000256,0.661,491,UNSAT,3
4.27,20,85,Glucose4,1.5e-05,0.271,25,UNSAT,3
4.27,20,85,NP+ATSS,0.004272,0.943,22,SAT,4
4.27,20,85,DPLL-Baseline,0.000255,0.71,522,SAT,4
4.27,20,85,Glucose4,1.6e-05,0.302,25,UNSAT,4
4.27,20,85,NP+ATSS,0.004151,1.0,26,SAT,5
4.27,20,85,DPLL-Baseline,0.000246,0.669,431,SAT,5
4.27,20,85,Glucose4,1.6e-05,0.274,22,UNSAT,5
4.27,20,85,NP+ATSS,0.003283,1.0,25,SAT,6
4.27,20,85,DPLL-Baseline,0.000305,0.646,550,SAT,6
4.27,20,85,Glucose4,1.5e-05,0.326,24,UNSAT,6
4.27,20,85,NP+ATSS,0.003613,1.0,19,SAT,7
4.27,20,85,DPLL-Baseline,0.000239,0.656,483,SAT,7
4.27,20,85,Glucose4,1.7e-05,0.301,20,UNSAT,7
4.27,20,85,NP+ATSS,0.003114,1.0,26,SAT,8
4.27,20,85,DPLL-Baseline,0.000239,0.703,498,SAT,8
4.27,20,85,Glucose4,1.7e-05,0.288,24,UNSAT,8
4.27,20,85,NP+ATSS,0.00385,1.0,24,SAT,9
4.27,20,85,DPLL-Baseline,0.000279,0.684,398,UNSAT,9
4.27,20,85,Glucose4,1.6e-05,0.328,24,UNSAT,9
4.3,20,86,NP+ATSS,0.003712,1.0,24,SAT,0
4.3,20,86,DPLL-Baseline,0.000269,0.671,559,SAT,0
4.3,20,86,Glucose4,1.5e-05,0.311,18,UNSAT,0
4.3,20,86,NP+ATSS,0.003038,0.89,22,SAT,1
4.3,20,86,DPLL-Baseline,0.000276,0.643,546,SAT,1
4.3,20,86,Glucose4,2e-05,0.322,25,UNSAT,1
4.3,20,86,NP+ATSS,0.003079,0.927,22,SAT,2
4.3,20,86,DPLL-Baseline,0.000259,0.631,427,UNSAT,2
4.3,20,86,Glucose4,2e-05,0.291,21,UNSAT,2
4.3,20,86,NP+ATSS,0.003918,1.0,25,SAT,3
4.3,20,86,DPLL-Baseline,0.000224,0.622,503,SAT,3
4.3,20,86,Glucose4,1.5e-05,0.328,21,UNSAT,3
4.3,20,86,NP+ATSS,0.003178,1.0,22,SAT,4
4.3,20,86,DPLL-Baseline,0.0003,0.694,447,SAT,4
4.3,20,86,Glucose4,1.4e-05,0.311,21,UNSAT,4
4.3,20,86,NP+ATSS,0.004058,1.0,26,SAT,5
4.3,20,86,DPLL-Baseline,0.000234,0.683,461,SAT,5
4.3,20,86,Glucose4,1.7e-05,0.285,22,UNSAT,5
4.3,20,86,NP+ATSS,0.003656,1.0,25,SAT,6
4.3,20,86,DPLL-Baseline,0.000268,0.666,441,SAT,6
4.3,20,86,Glucose4,1.8e-05,0.302,24,UNSAT,6
4.3,20,86,NP+ATSS,0.003475,1.0,20,SAT,7
4.3,20,86,DPLL-Baseline,0.000205,0.662,576,UNSAT,7
4.3,20,86,Glucose4,1.6e-05,0.326,26,UNSAT,7
4.3,20,86,NP+ATSS,0.003167,1.0,22,SAT,8
4.3,20,86,DPLL-Baseline,0.000298,0.601,506,SAT,8
4.3,20,86,Glucose4,1.7e-05,0.313,27,UNSAT,8
4.3,20,86,NP+ATSS,0.003132,1.0,20,SAT,9
4.3,20,86,DPLL-Baseline,0.000307,0.642,491,UNSAT,9
4.3,20,86,Glucose4,2e-05,0.328,26,UNSAT,9
4.4,20,88,NP+ATSS,0.003134,0.945,21,SAT,0
4.4,20,88,DPLL-Baseline,0.000234,0.703,500,UNSAT,0
4.4,20,88,Glucose4,1.8e-05,0.326,27,UNSAT,0
4.4,20,88,NP+ATSS,0.003421,0.86,22,SAT,1
4.4,20,88,DPLL-Baseline,0.000231,0.6,538,SAT,1
4.4,20,88,Glucose4,2e-05,0.304,26,UNSAT,1
4.4,20,88,NP+ATSS,0.004456,1.0,29,SAT,2
4.4,20,88,DPLL-Baseline,0.000214,0.662,429,SAT,2
4.4,20,88,Glucose4,1.5e-05,0.289,21,UNSAT,2
4.4,20,88,NP+ATSS,0.003487,0.98,30,SAT,3
4.4,20,88,DPLL-Baseline,0.000279,0.577,522,SAT,3
4.4,20,88,Glucose4,1.9e-05,0.274,20,UNSAT,3
4.4,20,88,NP+ATSS,0.003752,0.933,30,SAT,4
4.4,20,88,DPLL-Baseline,0.000237,0.591,573,UNSAT,4
4.4,20,88,Glucose4,1.7e-05,0.307,21,UNSAT,4
4.4,20,88,NP+ATSS,0.003359,0.979,27,SAT,5
4.4,20,88,DPLL-Baseline,0.000261,0.636,499,SAT,5
4.4,20,88,Glucose4,1.9e-05,0.283,21,UNSAT,5
4.4,20,88,NP+ATSS,0.004482,0.854,25,SAT,6
4.4,20,88,DPLL-Baseline,0.000213,0.648,405,UNSAT,6
4.4,20,88,Glucose4,1.8e-05,0.3,24,UNSAT,6
4.4,20,88,NP+ATSS,0.003632,0.936,22,SAT,7
4.4,20,88,DPLL-Baseline,0.000265,0.588,494,SAT,7
4.4,20,88,Glucose4,2e-05,0.297,24,UNSAT,7
4.4,20,88,NP+ATSS,0.00321,0.925,29,SAT,8
4.4,20,88,DPLL-Baseline,0.000245,0.681,540,UNSAT,8
4.4,20,88,Glucose4,1.9e-05,0.273,22,UNSAT,8
4.4,20,88,NP+ATSS,0.004671,1.0,21,SAT,9
4.4,20,88,DPLL-Baseline,0.000208,0.628,544,UNSAT,9
4.4,20,88,Glucose4,2e-05,0.329,25,UNSAT,9
4.6,20,92,NP+ATSS,0.005387,0.809,34,SAT,0
4.6,20,92,DPLL-Baseline,0.000243,0.632,523,UNSAT,0
4.6,20,92,Glucose4,1.9e-05,0.309,24,UNSAT,0
4.6,20,92,NP+ATSS,0.004567,0.833,32,SAT,1
4.6,20,92,DPLL-Baseline,0.000205,0.552,452,SAT,1
4.6,20,92,Glucose4,2e-05,0.303,26,UNSAT,1
4.6,20,92,NP+ATSS,0.004046,0.803,27,SAT,2
4.6,20,92,DPLL-Baseline,0.000279,0.563,552,UNSAT,2
4.6,20,92,Glucose4,1.8e-05,0.316,29,UNSAT,2
4.6,20,92,NP+ATSS,0.003971,0.762,24,SAT,3
4.6,20,92,DPLL-Baseline,0.000277,0.555,539,SAT,3
4.6,20,92,Glucose4,1.8e-05,0.284,23,UNSAT,3
4.6,20,92,NP+ATSS,0.003702,0.829,27,UNSAT,4
4.6,20,92,DPLL-Baseline,0.00028,0.588,511,UNSAT,4
4.6,20,92,Glucose4,2e-05,0.289,23,UNSAT,4
4.6,20,92,NP+ATSS,0.004788,0.782,27,SAT,5
4.6,20,92,DPLL-Baseline,0.000302,0.656,572,SAT,5
4.6,20,92,Glucose4,2e-05,0.296,25,UNSAT,5
4.6,20,92,NP+ATSS,0.005295,0.857,33,UNSAT,6
4.6,20,92,DPLL-Baseline,0.000247,0.567,467,SAT,6
4.6,20,92,Glucose4,2.1e-05,0.298,29,UNSAT,6
4.6,20,92,NP+ATSS,0.004874,0.879,34,SAT,7
4.6,20,92,DPLL-Baseline,0.000304,0.617,419,SAT,7
4.6,20,92,Glucose4,1.7e-05,0.282,27,UNSAT,7
4.6,20,92,NP+ATSS,0.005125,0.761,32,UNSAT,8
4.6,20,92,DPLL-Baseline,0.000232,0.631,512,SAT,8
4.6,20,92,Glucose4,2.2e-05,0.281,28,UNSAT,8
4.6,20,92,NP+ATSS,0.004606,0.825,34,SAT,9
4.6,20,92,DPLL-Baseline,0.000303,0.551,578,SAT,9
4.6,20,92,Glucose4,2.3e-05,0.277,31,UNSAT,9
4.8,20,96,NP+ATSS,0.004709,0.739,30,SAT,0
4.8,20,96,DPLL-Baseline,0.000261,0.612,468,UNSAT,0
4.8,20,96,Glucose4,2.2e-05,0.292,26,UNSAT,0
4.8,20,96,NP+ATSS,0.005244,0.666,41,SAT,1
4.8,20,96,DPLL-Baseline,0.000291,0.628,466,SAT,1
4.8,20,96,Glucose4,2.1e-05,0.304,25,UNSAT,1
4.8,20,96,NP+ATSS,0.004748,0.787,36,SAT,2
4.8,20,96,DPLL-Baseline,0.00022,0.56,468,SAT,2
4.8,20,96,Glucose4,2.5e-05,0.3,30,UNSAT,2
4.8,20,96,NP+ATSS,0.00474,0.771,41,SAT,3
4.8,20,96,DPLL-Baseline,0.000255,0.542,550,UNSAT,3
4.8,20,96,Glucose4,1.9e-05,0.313,28,UNSAT,3
4.8,20,96,NP+ATSS,0.005338,0.745,28,UNSAT,4
4.8,20,96,DPLL-Baseline,0.000292,0.632,525,SAT,4
4.8,20,96,Glucose4,2.4e-05,0.295,32,UNSAT,4
4.8,20,96,NP+ATSS,0.005685,0.653,35,SAT,5
4.8,20,96,DPLL-Baseline,0.000268,0.599,514,SAT,5
4.8,20,96,Glucose4,2.2e-05,0.299,23,UNSAT,5
4.8,20,96,NP+ATSS,0.004225,0.729,31,SAT,6
4.8,20,96,DPLL-Baseline,0.000207,0.616,526,UNSAT,6
4.8,20,96,Glucose4,2.5e-05,0.325,24,UNSAT,6
4.8,20,96,NP+ATSS,0.004513,0.68,35,SAT,7
4.8,20,96,DPLL-Baseline,0.000232,0.568,467,UNSAT,7
4.8,20,96,Glucose4,2.1e-05,0.304,34,UNSAT,7
4.8,20,96,NP+ATSS,0.005636,0.775,37,SAT,8
4.8,20,96,DPLL-Baseline,0.000283,0.533,468,UNSAT,8
4.8,20,96,Glucose4,2.2e-05,0.273,23,UNSAT,8
4.8,20,96,NP+ATSS,0.00525,0.715,38,SAT,9
4.8,20,96,DPLL-Baseline,0.000293,0.533,497,SAT,9
4.8,20,96,Glucose4,1.8e-05,0.283,33,UNSAT,9
5.0,20,100,NP+ATSS,0.005941,0.564,33,UNSAT,0
5.0,20,100,DPLL-Baseline,0.000297,0.557,400,UNSAT,0
5.0,20,100,Glucose4,2.8e-05,0.289,37,UNSAT,0
5.0,20,100,NP+ATSS,0.006605,0.647,38,SAT,1
5.0,20,100,DPLL-Baseline,0.000221,0.521,557,SAT,1
5.0,20,100,Glucose4,2.3e-05,0.324,29,UNSAT,1
5.0,20,100,NP+ATSS,0.005136,0.681,43,UNSAT,2
5.0,20,100,DPLL-Baseline,0.000305,0.501,479,SAT,2
5.0,20,100,Glucose4,2.7e-05,0.29,35,UNSAT,2
5.0,20,100,NP+ATSS,0.005752,0.654,32,UNSAT,3
5.0,20,100,DPLL-Baseline,0.000306,0.549,463,SAT,3
5.0,20,100,Glucose4,2.8e-05,0.296,34,UNSAT,3
5.0,20,100,NP+ATSS,0.005006,0.635,44,UNSAT,4
5.0,20,100,DPLL-Baseline,0.000213,0.512,533,UNSAT,4
5.0,20,100,Glucose4,2.5e-05,0.314,29,UNSAT,4
5.0,20,100,NP+ATSS,0.004812,0.596,37,SAT,5
5.0,20,100,DPLL-Baseline,0.000218,0.516,481,SAT,5
5.0,20,100,Glucose4,2.5e-05,0.294,25,UNSAT,5
5.0,20,100,NP+ATSS,0.005023,0.632,37,SAT,6
5.0,20,100,DPLL-Baseline,0.000235,0.538,410,SAT,6
5.0,20,100,Glucose4,2.8e-05,0.324,38,UNSAT,6
5.0,20,100,NP+ATSS,0.005207,0.605,34,SAT,7
5.0,20,100,DPLL-Baseline,0.000255,0.502,479,SAT,7
5.0,20,100,Glucose4,2.3e-05,0.299,26,UNSAT,7
5.0,20,100,NP+ATSS,0.005392,0.636,41,SAT,8
5.0,20,100,DPLL-Baseline,0.000216,0.529,580,SAT,8
5.0,20,100,Glucose4,2.2e-05,0.307,35,UNSAT,8
5.0,20,100,NP+ATSS,0.005603,0.659,45,SAT,9
5.0,20,100,DPLL-Baseline,0.000219,0.53,580,UNSAT,9
5.0,20,100,Glucose4,2.1e-05,0.289,37,UNSAT,9
5.2,20,104,NP+ATSS,0.006324,0.536,45,UNSAT,0
5.2,20,104,DPLL-Baseline,0.00023,0.507,554,UNSAT,0
5.2,20,104,Glucose4,2.6e-05,0.0,36,UNSAT,0
5.2,20,104,NP+ATSS,0.007026,0.535,46,UNSAT,1
5.2,20,104,DPLL-Baseline,0.000252,0.542,479,UNSAT,1
5.2,20,104,Glucose4,2.5e-05,0.0,40,UNSAT,1
5.2,20,104,NP+ATSS,0.006649,0.516,48,UNSAT,2
5.2,20,104,DPLL-Baseline,0.000272,0.542,548,SAT,2
5.2,20,104,Glucose4,2.2e-05,0.0,35,UNSAT,2
5.2,20,104,NP+ATSS,0.006918,0.56,49,SAT,3
5.2,20,104,DPLL-Baseline,0.000286,0.505,569,UNSAT,3
5.2,20,104,Glucose4,2.7e-05,0.0,30,UNSAT,3
5.2,20,104,NP+ATSS,0.007335,0.501,48,UNSAT,4
5.2,20,104,DPLL-Baseline,0.000306,0.538,472,SAT,4
5.2,20,104,Glucose4,3e-05,0.0,34,UNSAT,4
5.2,20,104,NP+ATSS,0.006234,0.517,46,SAT,5
5.2,20,104,DPLL-Baseline,0.000264,0.514,470,UNSAT,5
5.2,20,104,Glucose4,3e-05,0.0,36,UNSAT,5
5.2,20,104,NP+ATSS,0.005588,0.475,44,SAT,6
5.2,20,104,DPLL-Baseline,0.000217,0.566,421,UNSAT,6
5.2,20,104,Glucose4,2.5e-05,0.0,31,UNSAT,6
5.2,20,104,NP+ATSS,0.006834,0.51,49,SAT,7
5.2,20,104,DPLL-Baseline,0.000236,0.552,416,SAT,7
5.2,20,104,Glucose4,3.1e-05,0.0,38,UNSAT,7
5.2,20,104,NP+ATSS,0.008236,0.49,40,SAT,8
5.2,20,104,DPLL-Baseline,0.000262,0.568,439,SAT,8
5.2,20,104,Glucose4,2.6e-05,0.0,38,UNSAT,8
5.2,20,104,NP+ATSS,0.005601,0.528,40,SAT,9
5.2,20,104,DPLL-Baseline,0.000245,0.541,434,UNSAT,9
5.2,20,104,Glucose4,3e-05,0.0,29,UNSAT,9
5.5,20,110,NP+ATSS,0.009822,0.338,53,SAT,0
5.5,20,110,DPLL-Baseline,0.000232,0.509,497,SAT,0
5.5,20,110,Glucose4,3.3e-05,0.0,43,UNSAT,0
5.5,20,110,NP+ATSS,0.00803,0.385,59,UNSAT,1
5.5,20,110,DPLL-Baseline,0.000277,0.456,514,UNSAT,1
5.5,20,110,Glucose4,2.6e-05,0.0,35,UNSAT,1
5.5,20,110,NP+ATSS,0.007466,0.374,57,SAT,2
5.5,20,110,DPLL-Baseline,0.000219,0.464,430,SAT,2
5.5,20,110,Glucose4,3.3e-05,0.0,44,UNSAT,2
5.5,20,110,NP+ATSS,0.008738,0.359,48,UNSAT,3
5.5,20,110,DPLL-Baseline,0.000251,0.433,464,SAT,3
5.5,20,110,Glucose4,2.5e-05,0.0,47,UNSAT,3
5.5,20,110,NP+ATSS,0.008569,0.36,61,UNSAT,4
5.5,20,110,DPLL-Baseline,0.000291,0.474,409,SAT,4
5.5,20,110,Glucose4,2.5e-05,0.0,38,UNSAT,4
5.5,20,110,NP+ATSS,0.008679,0.336,56,SAT,5
5.5,20,110,DPLL-Baseline,0.000283,0.48,415,UNSAT,5
5.5,20,110,Glucose4,2.6e-05,0.0,47,UNSAT,5
5.5,20,110,NP+ATSS,0.009653,0.327,61,UNSAT,6
5.5,20,110,DPLL-Baseline,0.000306,0.437,556,UNSAT,6
5.5,20,110,Glucose4,3.4e-05,0.0,50,UNSAT,6
5.5,20,110,NP+ATSS,0.008032,0.383,55,UNSAT,7
5.5,20,110,DPLL-Baseline,0.000284,0.45,553,UNSAT,7
5.5,20,110,Glucose4,3.2e-05,0.0,45,UNSAT,7
5.5,20,110,NP+ATSS,0.007408,0.334,50,UNSAT,8
5.5,20,110,DPLL-Baseline,0.000211,0.461,448,SAT,8
5.5,20,110,Glucose4,3.1e-05,0.0,45,UNSAT,8
5.5,20,110,NP+ATSS,0.007754,0.386,68,SAT,9
5.5,20,110,DPLL-Baseline,0.000215,0.519,548,UNSAT,9
5.5,20,110,Glucose4,3.6e-05,0.0,48,UNSAT,9
6.0,20,120,NP+ATSS,0.013929,0.095,87,UNSAT,0
6.0,20,120,DPLL-Baseline,0.000283,0.414,489,UNSAT,0
6.0,20,120,Glucose4,4.2e-05,0.0,52,UNSAT,0
6.0,20,120,NP+ATSS,0.012799,0.108,67,UNSAT,1
6.0,20,120,DPLL-Baseline,0.000233,0.435,466,UNSAT,1
6.0,20,120,Glucose4,4.8e-05,0.0,43,UNSAT,1
6.0,20,120,NP+ATSS,0.013281,0.105,79,UNSAT,2
6.0,20,120,DPLL-Baseline,0.000241,0.365,498,UNSAT,2
6.0,20,120,Glucose4,3.6e-05,0.0,47,UNSAT,2
6.0,20,120,NP+ATSS,0.013746,0.097,83,UNSAT,3
6.0,20,120,DPLL-Baseline,0.000254,0.387,527,UNSAT,3
6.0,20,120,Glucose4,3.4e-05,0.0,60,UNSAT,3
6.0,20,120,NP+ATSS,0.010324,0.107,79,UNSAT,4
6.0,20,120,DPLL-Baseline,0.000303,0.376,529,SAT,4
6.0,20,120,Glucose4,3.5e-05,0.0,46,UNSAT,4
6.0,20,120,NP+ATSS,0.011052,0.103,72,UNSAT,5
6.0,20,120,DPLL-Baseline,0.000297,0.373,471,SAT,5
6.0,20,120,Glucose4,3.8e-05,0.0,48,UNSAT,5
6.0,20,120,NP+ATSS,0.01314,0.09,80,UNSAT,6
6.0,20,120,DPLL-Baseline,0.000228,0.414,395,SAT,6
6.0,20,120,Glucose4,4.4e-05,0.0,64,UNSAT,6
6.0,20,120,NP+ATSS,0.010362,0.091,77,UNSAT,7
6.0,20,120,DPLL-Baseline,0.000215,0.385,566,UNSAT,7
6.0,20,120,Glucose4,3.5e-05,0.0,59,UNSAT,7
6.0,20,120,NP+ATSS,0.014546,0.093,81,UNSAT,8
6.0,20,120,DPLL-Baseline,0.000271,0.395,535,SAT,8
6.0,20,120,Glucose4,4.3e-05,0.0,52,UNSAT,8
6.0,20,120,NP+ATSS,0.013899,0.092,68,UNSAT,9
6.0,20,120,DPLL-Baseline,0.000265,0.391,583,UNSAT,9
6.0,20,120,Glucose4,3.8e-05,0.0,49,UNSAT,9
