name,instance_id,n_vars,n_clauses,status,solver,time_sec,decisions,conflicts,learned,proof_size,proof_depth
rand3cnf_n20_r2.0,0,20,40,UNKNOWN,CertiProof,1.9680421000002752,50007,50000,50000,0,0
rand3cnf_n20_r2.0,0,20,40,SAT,DPLL-Baseline,0.0003338000001349428,7,0,0,0,0
rand3cnf_n20_r2.0,0,20,40,UNAVAILABLE,Glucose4,0.0,0,0,0,0,0
rand3cnf_n20_r2.0,1,20,40,SAT,CertiProof,0.0001963999998224608,8,0,0,0,0
rand3cnf_n20_r2.0,1,20,40,SAT,DPLL-Baseline,0.00032250000003841706,5,0,0,0,0
rand3cnf_n20_r2.0,1,20,40,UNAVAILABLE,Glucose4,0.0,0,0,0,0,0
rand3cnf_n20_r2.0,2,20,40,SAT,CertiProof,0.00023799999962648144,11,0,0,0,0
rand3cnf_n20_r2.0,2,20,40,SAT,DPLL-Baseline,0.00047099999983402085,11,0,0,0,0
rand3cnf_n20_r2.0,2,20,40,UNAVAILABLE,Glucose4,0.0,0,0,0,0,0
rand3cnf_n20_r2.0,3,20,40,SAT,CertiProof,0.0002044000002570101,11,0,0,0,0
rand3cnf_n20_r2.0,3,20,40,SAT,DPLL-Baseline,0.000326500000028318,7,0,0,0,0
rand3cnf_n20_r2.0,3,20,40,UNAVAILABLE,Glucose4,0.0,0,0,0,0,0
rand3cnf_n20_r2.0,4,20,40,SAT,CertiProof,0.00029850000009901123,7,0,0,0,0
rand3cnf_n20_r2.0,4,20,40,SAT,DPLL-Baseline,0.000623500000074273,12,0,0,0,0
rand3cnf_n20_r2.0,4,20,40,UNAVAILABLE,Glucose4,0.0,0,0,0,0,0
rand3cnf_n20_r2.0,5,20,40,SAT,CertiProof,0.00041240000018660794,15,0,0,0,0
rand3cnf_n20_r2.0,5,20,40,SAT,DPLL-Baseline,0.0004911000000902277,13,0,0,0,0
rand3cnf_n20_r2.0,5,20,40,UNAVAILABLE,Glucose4,0.0,0,0,0,0,0
rand3cnf_n20_r2.0,6,20,40,UNKNOWN,CertiProof,0.7604314999998678,50007,50000,50000,0,0
rand3cnf_n20_r2.0,6,20,40,SAT,DPLL-Baseline,0.00034049999976559775,6,0,0,0,0
rand3cnf_n20_r2.0,6,20,40,UNAVAILABLE,Glucose4,0.0,0,0,0,0,0
rand3cnf_n20_r2.0,7,20,40,SAT,CertiProof,0.00026170000001002336,15,0,0,0,0
rand3cnf_n20_r2.0,7,20,40,SAT,DPLL-Baseline,0.0006291999998211395,13,0,0,0,0
rand3cnf_n20_r2.0,7,20,40,UNAVAILABLE,Glucose4,0.0,0,0,0,0,0
rand3cnf_n20_r2.0,8,20,40,SAT,CertiProof,0.002315100000032544,114,100,100,0,0
rand3cnf_n20_r2.0,8,20,40,SAT,DPLL-Baseline,0.0003157999999530148,7,0,0,0,0
rand3cnf_n20_r2.0,8,20,40,UNAVAILABLE,Glucose4,0.0,0,0,0,0,0
rand3cnf_n20_r2.0,9,20,40,SAT,CertiProof,0.0001870999999482592,7,0,0,0,0
rand3cnf_n20_r2.0,9,20,40,SAT,DPLL-Baseline,0.0002729000002545945,7,0,0,0,0
rand3cnf_n20_r2.0,9,20,40,UNAVAILABLE,Glucose4,0.0,0,0,0,0,0
rand3cnf_n20_r2.2,0,20,44,SAT,CertiProof,0.0001870999999482592,7,0,0,0,0
rand3cnf_n20_r2.2,0,20,44,SAT,DPLL-Baseline,0.0003618000000642496,7,0,0,0,0
rand3cnf_n20_r2.2,0,20,44,UNAVAILABLE,Glucose4,0.0,0,0,0,0,0
rand3cnf_n20_r2.2,1,20,44,SAT,CertiProof,0.00020240000003468595,11,0,0,0,0
rand3cnf_n20_r2.2,1,20,44,SAT,DPLL-Baseline,0.0003446000000622007,7,0,0,0,0
rand3cnf_n20_r2.2,1,20,44,UNAVAILABLE,Glucose4,0.0,0,0,0,0,0
rand3cnf_n20_r2.2,2,20,44,UNKNOWN,CertiProof,0.7819127000002482,50011,50000,50000,0,0
rand3cnf_n20_r2.2,2,20,44,SAT,DPLL-Baseline,0.0005577000001721899,11,0,0,0,0
rand3cnf_n20_r2.2,2,20,44,UNAVAILABLE,Glucose4,0.0,0,0,0,0,0
rand3cnf_n20_r2.2,3,20,44,SAT,CertiProof,0.0002282000000377593,11,0,0,0,0
rand3cnf_n20_r2.2,3,20,44,SAT,DPLL-Baseline,0.0004008000000794709,7,0,0,0,0
rand3cnf_n20_r2.2,3,20,44,UNAVAILABLE,Glucose4,0.0,0,0,0,0,0
rand3cnf_n20_r2.2,4,20,44,SAT,CertiProof,0.00025959999993574456,16,0,0,0,0
rand3cnf_n20_r2.2,4,20,44,SAT,DPLL-Baseline,0.0004144999998061394,10,0,0,0,0
rand3cnf_n20_r2.2,4,20,44,UNAVAILABLE,Glucose4,0.0,0,0,0,0,0
rand3cnf_n20_r2.2,5,20,44,UNKNOWN,CertiProof,0.7678178000001026,50002,50000,50000,0,0
rand3cnf_n20_r2.2,5,20,44,SAT,DPLL-Baseline,0.0004764999998769781,8,0,0,0,0
rand3cnf_n20_r2.2,5,20,44,UNAVAILABLE,Glucose4,0.0,0,0,0,0,0
rand3cnf_n20_r2.2,6,20,44,SAT,CertiProof,0.0002496000001883658,10,0,0,0,0
rand3cnf_n20_r2.2,6,20,44,SAT,DPLL-Baseline,0.00038839999979245476,9,0,0,0,0
rand3cnf_n20_r2.2,6,20,44,UNAVAILABLE,Glucose4,0.0,0,0,0,0,0
rand3cnf_n20_r2.2,7,20,44,SAT,CertiProof,0.0025439000000915257,115,100,100,0,0
rand3cnf_n20_r2.2,7,20,44,SAT,DPLL-Baseline,0.0004731999997602543,6,0,0,0,0
rand3cnf_n20_r2.2,7,20,44,UNAVAILABLE,Glucose4,0.0,0,0,0,0,0
rand3cnf_n20_r2.2,8,20,44,SAT,CertiProof,0.00018839999984265887,8,0,0,0,0
rand3cnf_n20_r2.2,8,20,44,SAT,DPLL-Baseline,0.0005856000002495421,11,0,0,0,0
rand3cnf_n20_r2.2,8,20,44,UNAVAILABLE,Glucose4,0.0,0,0,0,0,0
rand3cnf_n20_r2.2,9,20,44,SAT,CertiProof,0.00024890000031518866,11,0,0,0,0
rand3cnf_n20_r2.2,9,20,44,SAT,DPLL-Baseline,0.00032300000020768493,7,0,0,0,0
rand3cnf_n20_r2.2,9,20,44,UNAVAILABLE,Glucose4,0.0,0,0,0,0,0
rand3cnf_n20_r2.4,0,20,48,UNKNOWN,CertiProof,0.7540955999998005,50002,50000,50000,0,0
rand3cnf_n20_r2.4,0,20,48,SAT,DPLL-Baseline,0.0003146999997625244,5,0,0,0,0
rand3cnf_n20_r2.4,0,20,48,UNAVAILABLE,Glucose4,0.0,0,0,0,0,0
rand3cnf_n20_r2.4,1,20,48,UNKNOWN,CertiProof,0.766017599999941,50005,50000,50000,0,0
rand3cnf_n20_r2.4,1,20,48,SAT,DPLL-Baseline,0.0004142000002502755,7,0,0,0,0
rand3cnf_n20_r2.4,1,20,48,UNAVAILABLE,Glucose4,0.0,0,0,0,0,0
rand3cnf_n20_r2.4,2,20,48,SAT,CertiProof,0.00018799999998009298,7,0,0,0,0
rand3cnf_n20_r2.4,2,20,48,SAT,DPLL-Baseline,0.0006335999996736064,12,0,0,0,0
rand3cnf_n20_r2.4,2,20,48,UNAVAILABLE,Glucose4,0.0,0,0,0,0,0
rand3cnf_n20_r2.4,3,20,48,SAT,CertiProof,0.00021999999989930075,8,0,0,0,0
rand3cnf_n20_r2.4,3,20,48,SAT,DPLL-Baseline,0.0005700000001525041,13,0,0,0,0
rand3cnf_n20_r2.4,3,20,48,UNAVAILABLE,Glucose4,0.0,0,0,0,0,0
rand3cnf_n20_r2.4,4,20,48,SAT,CertiProof,0.00020799999992959783,9,0,0,0,0
rand3cnf_n20_r2.4,4,20,48,SAT,DPLL-Baseline,0.00048150000020541484,8,0,0,0,0
rand3cnf_n20_r2.4,4,20,48,UNAVAILABLE,Glucose4,0.0,0,0,0,0,0
rand3cnf_n20_r2.4,5,20,48,SAT,CertiProof,0.00022559999979421264,8,0,0,0,0
rand3cnf_n20_r2.4,5,20,48,SAT,DPLL-Baseline,0.0006461999996645318,12,0,0,0,0
rand3cnf_n20_r2.4,5,20,48,UNAVAILABLE,Glucose4,0.0,0,0,0,0,0
rand3cnf_n20_r2.4,6,20,48,SAT,CertiProof,0.00022699999999531428,12,0,0,0,0
rand3cnf_n20_r2.4,6,20,48,SAT,DPLL-Baseline,0.00046090000023468747,9,0,0,0,0
rand3cnf_n20_r2.4,6,20,48,UNAVAILABLE,Glucose4,0.0,0,0,0,0,0
rand3cnf_n20_r2.4,7,20,48,SAT,CertiProof,0.00026149999985136674,15,0,0,0,0
rand3cnf_n20_r2.4,7,20,48,SAT,DPLL-Baseline,0.0006714999999530846,12,0,0,0,0
rand3cnf_n20_r2.4,7,20,48,UNAVAILABLE,Glucose4,0.0,0,0,0,0,0
rand3cnf_n20_r2.4,8,20,48,SAT,CertiProof,0.00021059999971839716,8,0,0,0,0
rand3cnf_n20_r2.4,8,20,48,SAT,DPLL-Baseline,0.0003820000001724111,5,0,0,0,0
rand3cnf_n20_r2.4,8,20,48,UNAVAILABLE,Glucose4,0.0,0,0,0,0,0
rand3cnf_n20_r2.4,9,20,48,SAT,CertiProof,0.0001955000002453744,9,0,0,0,0
rand3cnf_n20_r2.4,9,20,48,SAT,DPLL-Baseline,0.0006057000000510016,14,0,0,0,0
rand3cnf_n20_r2.4,9,20,48,UNAVAILABLE,Glucose4,0.0,0,0,0,0,0
rand3cnf_n20_r2.6,0,20,52,SAT,CertiProof,0.00020379999978104024,9,0,0,0,0
rand3cnf_n20_r2.6,0,20,52,SAT,DPLL-Baseline,0.000795899999957328,11,0,0,0,0
rand3cnf_n20_r2.6,0,20,52,UNAVAILABLE,Glucose4,0.0,0,0,0,0,0
rand3cnf_n20_r2.6,1,20,52,SAT,CertiProof,0.00019299999985378236,6,0,0,0,0
rand3cnf_n20_r2.6,1,20,52,SAT,DPLL-Baseline,0.0004004999996141123,6,0,0,0,0
rand3cnf_n20_r2.6,1,20,52,UNAVAILABLE,Glucose4,0.0,0,0,0,0,0
rand3cnf_n20_r2.6,2,20,52,UNKNOWN,CertiProof,0.7054407000000538,50002,50000,50000,0,0
rand3cnf_n20_r2.6,2,20,52,SAT,DPLL-Baseline,0.000659900000300695,8,0,0,0,0
rand3cnf_n20_r2.6,2,20,52,UNAVAILABLE,Glucose4,0.0,0,0,0,0,0
rand3cnf_n20_r2.6,3,20,52,UNKNOWN,CertiProof,0.7590040999998564,50005,50000,50000,0,0
rand3cnf_n20_r2.6,3,20,52,SAT,DPLL-Baseline,0.0010117000001628185,8,0,0,0,0
rand3cnf_n20_r2.6,3,20,52,UNAVAILABLE,Glucose4,0.0,0,0,0,0,0
rand3cnf_n20_r2.6,4,20,52,UNKNOWN,CertiProof,0.7023141999998188,50007,50000,50000,0,0
rand3cnf_n20_r2.6,4,20,52,SAT,DPLL-Baseline,0.0004368999998405343,7,0,0,0,0
rand3cnf_n20_r2.6,4,20,52,UNAVAILABLE,Glucose4,0.0,0,0,0,0,0
rand3cnf_n20_r2.6,5,20,52,UNKNOWN,CertiProof,0.7615010999998049,50004,50000,50000,0,0
rand3cnf_n20_r2.6,5,20,52,SAT,DPLL-Baseline,0.00041460000011284137,7,0,0,0,0
rand3cnf_n20_r2.6,5,20,52,UNAVAILABLE,Glucose4,0.0,0,0,0,0,0
rand3cnf_n20_r2.6,6,20,52,UNKNOWN,CertiProof,0.769959000000199,50006,50000,50000,0,0
rand3cnf_n20_r2.6,6,20,52,SAT,DPLL-Baseline,0.0004530999999587948,9,0,0,0,0
rand3cnf_n20_r2.6,6,20,52,UNAVAILABLE,Glucose4,0.0,0,0,0,0,0
rand3cnf_n20_r2.6,7,20,52,SAT,CertiProof,0.00017840000009528012,5,0,0,0,0
rand3cnf_n20_r2.6,7,20,52,SAT,DPLL-Baseline,0.0005759999999099819,11,0,0,0,0
rand3cnf_n20_r2.6,7,20,52,UNAVAILABLE,Glucose4,0.0,0,0,0,0,0
rand3cnf_n20_r2.6,8,20,52,UNKNOWN,CertiProof,0.7094106999998075,50006,50000,50000,0,0
rand3cnf_n20_r2.6,8,20,52,SAT,DPLL-Baseline,0.00026220000017929124,2,0,0,0,0
rand3cnf_n20_r2.6,8,20,52,UNAVAILABLE,Glucose4,0.0,0,0,0,0,0
rand3cnf_n20_r2.6,9,20,52,SAT,CertiProof,0.00025689999984024325,10,0,0,0,0
rand3cnf_n20_r2.6,9,20,52,SAT,DPLL-Baseline,0.00037599999996018596,6,0,0,0,0
rand3cnf_n20_r2.6,9,20,52,UNAVAILABLE,Glucose4,0.0,0,0,0,0,0
rand3cnf_n20_r2.8,0,20,56,SAT,CertiProof,0.00022160000025905902,9,0,0,0,0
rand3cnf_n20_r2.8,0,20,56,SAT,DPLL-Baseline,0.0006877000000713451,7,0,0,0,0
rand3cnf_n20_r2.8,0,20,56,UNAVAILABLE,Glucose4,0.0,0,0,0,0,0
rand3cnf_n20_r2.8,1,20,56,UNKNOWN,CertiProof,0.7128921999997146,50004,50000,50000,0,0
rand3cnf_n20_r2.8,1,20,56,SAT,DPLL-Baseline,0.000349999999798456,4,0,0,0,0
rand3cnf_n20_r2.8,1,20,56,UNAVAILABLE,Glucose4,0.0,0,0,0,0,0
rand3cnf_n20_r2.8,2,20,56,SAT,CertiProof,0.00019249999968451448,5,0,0,0,0
rand3cnf_n20_r2.8,2,20,56,SAT,DPLL-Baseline,0.00040549999994254904,5,0,0,0,0
rand3cnf_n20_r2.8,2,20,56,UNAVAILABLE,Glucose4,0.0,0,0,0,0,0
rand3cnf_n20_r2.8,3,20,56,UNKNOWN,CertiProof,0.7288253000001532,50001,50000,50000,0,0
rand3cnf_n20_r2.8,3,20,56,SAT,DPLL-Baseline,0.00040820000003805035,5,0,0,0,0
rand3cnf_n20_r2.8,3,20,56,UNAVAILABLE,Glucose4,0.0,0,0,0,0,0
rand3cnf_n20_r2.8,4,20,56,SAT,CertiProof,0.003351300000304036,112,100,100,0,0
rand3cnf_n20_r2.8,4,20,56,SAT,DPLL-Baseline,0.000565199999982724,7,0,0,0,0
rand3cnf_n20_r2.8,4,20,56,UNAVAILABLE,Glucose4,0.0,0,0,0,0,0
rand3cnf_n20_r2.8,5,19,56,UNKNOWN,CertiProof,0.7210203999998157,50007,50000,50000,0,0
rand3cnf_n20_r2.8,5,19,56,SAT,DPLL-Baseline,0.00046999999995023245,6,0,0,0,0
rand3cnf_n20_r2.8,5,19,56,UNAVAILABLE,Glucose4,0.0,0,0,0,0,0
rand3cnf_n20_r2.8,6,20,56,SAT,CertiProof,0.0002341999997952371,9,0,0,0,0
rand3cnf_n20_r2.8,6,20,56,SAT,DPLL-Baseline,0.0004739999999401334,8,0,0,0,0
rand3cnf_n20_r2.8,6,20,56,UNAVAILABLE,Glucose4,0.0,0,0,0,0,0
rand3cnf_n20_r2.8,7,20,56,SAT,CertiProof,0.00022850000004837057,9,0,0,0,0
rand3cnf_n20_r2.8,7,20,56,SAT,DPLL-Baseline,0.00044179999986226903,7,0,0,0,0
rand3cnf_n20_r2.8,7,20,56,UNAVAILABLE,Glucose4,0.0,0,0,0,0,0
rand3cnf_n20_r2.8,8,20,56,SAT,CertiProof,0.00024189999976442778,10,0,0,0,0
rand3cnf_n20_r2.8,8,20,56,SAT,DPLL-Baseline,0.00048799999967741314,7,0,0,0,0
rand3cnf_n20_r2.8,8,20,56,UNAVAILABLE,Glucose4,0.0,0,0,0,0,0
rand3cnf_n20_r2.8,9,20,56,UNKNOWN,CertiProof,0.7555520000000797,50002,50000,50000,0,0
rand3cnf_n20_r2.8,9,20,56,SAT,DPLL-Baseline,0.00042480000001887674,7,0,0,0,0
rand3cnf_n20_r2.8,9,20,56,UNAVAILABLE,Glucose4,0.0,0,0,0,0,0
rand3cnf_n20_r3.0,0,20,60,UNKNOWN,CertiProof,0.7126564000000144,50002,50000,50000,0,0
rand3cnf_n20_r3.0,0,20,60,SAT,DPLL-Baseline,0.0005332999999154708,8,0,0,0,0
rand3cnf_n20_r3.0,0,20,60,UNAVAILABLE,Glucose4,0.0,0,0,0,0,0
rand3cnf_n20_r3.0,1,20,60,SAT,CertiProof,0.00022889999991093646,7,0,0,0,0
rand3cnf_n20_r3.0,1,20,60,SAT,DPLL-Baseline,0.000592299999880197,9,0,0,0,0
rand3cnf_n20_r3.0,1,20,60,UNAVAILABLE,Glucose4,0.0,0,0,0,0,0
rand3cnf_n20_r3.0,2,20,60,SAT,CertiProof,0.00023009999995338148,4,0,0,0,0
rand3cnf_n20_r3.0,2,20,60,SAT,DPLL-Baseline,0.0006488000003628258,9,0,0,0,0
rand3cnf_n20_r3.0,2,20,60,UNAVAILABLE,Glucose4,0.0,0,0,0,0,0
rand3cnf_n20_r3.0,3,20,60,UNKNOWN,CertiProof,1.6869253999998364,50003,50000,50000,0,0
rand3cnf_n20_r3.0,3,20,60,SAT,DPLL-Baseline,0.0006310999997367617,7,0,0,0,0
rand3cnf_n20_r3.0,3,20,60,UNAVAILABLE,Glucose4,0.0,0,0,0,0,0
rand3cnf_n20_r3.0,4,20,60,SAT,CertiProof,0.00017170000000987784,3,0,0,0,0
rand3cnf_n20_r3.0,4,20,60,SAT,DPLL-Baseline,0.0006977999996706785,13,0,0,0,0
rand3cnf_n20_r3.0,4,20,60,UNAVAILABLE,Glucose4,0.0,0,0,0,0,0
rand3cnf_n20_r3.0,5,20,60,UNKNOWN,CertiProof,0.7267643999998654,50007,50000,50000,0,0
rand3cnf_n20_r3.0,5,20,60,SAT,DPLL-Baseline,0.0007943999999042717,8,0,0,0,0
rand3cnf_n20_r3.0,5,20,60,UNAVAILABLE,Glucose4,0.0,0,0,0,0,0
rand3cnf_n20_r3.0,6,20,60,SAT,CertiProof,0.00021949999973003287,7,0,0,0,0
rand3cnf_n20_r3.0,6,20,60,SAT,DPLL-Baseline,0.0005228999998507788,7,0,0,0,0
rand3cnf_n20_r3.0,6,20,60,UNAVAILABLE,Glucose4,0.0,0,0,0,0,0
rand3cnf_n20_r3.0,7,20,60,UNKNOWN,CertiProof,0.7078604000002997,50003,50000,50000,0,0
rand3cnf_n20_r3.0,7,20,60,SAT,DPLL-Baseline,0.000724399999853631,10,0,0,0,0
rand3cnf_n20_r3.0,7,20,60,UNAVAILABLE,Glucose4,0.0,0,0,0,0,0
rand3cnf_n20_r3.0,8,20,60,UNKNOWN,CertiProof,0.7347047000002931,50009,50000,50000,0,0
rand3cnf_n20_r3.0,8,20,60,SAT,DPLL-Baseline,0.0012554999998428684,13,0,0,0,0
rand3cnf_n20_r3.0,8,20,60,UNAVAILABLE,Glucose4,0.0,0,0,0,0,0
rand3cnf_n20_r3.0,9,20,60,UNKNOWN,CertiProof,0.7193380999997316,50002,50000,50000,0,0
rand3cnf_n20_r3.0,9,20,60,SAT,DPLL-Baseline,0.0007985000002008746,6,0,0,0,0
rand3cnf_n20_r3.0,9,20,60,UNAVAILABLE,Glucose4,0.0,0,0,0,0,0
rand3cnf_n20_r3.2,0,20,64,SAT,CertiProof,0.00022009999975125538,6,0,0,0,0
rand3cnf_n20_r3.2,0,20,64,SAT,DPLL-Baseline,0.0004997000000912522,6,0,0,0,0
rand3cnf_n20_r3.2,0,20,64,UNAVAILABLE,Glucose4,0.0,0,0,0,0,0
rand3cnf_n20_r3.2,1,20,64,SAT,CertiProof,0.0038918000000194297,116,100,100,0,0
rand3cnf_n20_r3.2,1,20,64,SAT,DPLL-Baseline,0.0005612999998447776,7,0,0,0,0
rand3cnf_n20_r3.2,1,20,64,UNAVAILABLE,Glucose4,0.0,0,0,0,0,0
rand3cnf_n20_r3.2,2,20,64,UNKNOWN,CertiProof,0.7967461000002913,50003,50000,50000,0,0
rand3cnf_n20_r3.2,2,20,64,SAT,DPLL-Baseline,0.0006066000000828353,4,0,0,0,0
rand3cnf_n20_r3.2,2,20,64,UNAVAILABLE,Glucose4,0.0,0,0,0,0,0
rand3cnf_n20_r3.2,3,20,64,SAT,CertiProof,0.0002231000003121153,7,0,0,0,0
rand3cnf_n20_r3.2,3,20,64,SAT,DPLL-Baseline,0.0008235000000240689,7,0,0,0,0
rand3cnf_n20_r3.2,3,20,64,UNAVAILABLE,Glucose4,0.0,0,0,0,0,0
rand3cnf_n20_r3.2,4,20,64,UNKNOWN,CertiProof,1.941292699999849,50001,50000,50000,0,0
rand3cnf_n20_r3.2,4,20,64,SAT,DPLL-Baseline,0.0010505000000193832,11,0,0,0,0
rand3cnf_n20_r3.2,4,20,64,UNAVAILABLE,Glucose4,0.0,0,0,0,0,0
rand3cnf_n20_r3.2,5,20,64,UNKNOWN,CertiProof,0.7000568999997085,50002,50000,50000,0,0
rand3cnf_n20_r3.2,5,20,64,SAT,DPLL-Baseline,0.0009461999998165993,9,0,0,0,0
rand3cnf_n20_r3.2,5,20,64,UNAVAILABLE,Glucose4,0.0,0,0,0,0,0
rand3cnf_n20_r3.2,6,20,64,UNKNOWN,CertiProof,3.5773237000003064,50002,50000,50000,0,0
rand3cnf_n20_r3.2,6,20,64,SAT,DPLL-Baseline,0.00040050000006885966,4,0,0,0,0
rand3cnf_n20_r3.2,6,20,64,UNAVAILABLE,Glucose4,0.0,0,0,0,0,0
rand3cnf_n20_r3.2,7,20,64,SAT,CertiProof,0.00032229999987976043,6,0,0,0,0
rand3cnf_n20_r3.2,7,20,64,SAT,DPLL-Baseline,0.0005652999998346786,8,0,0,0,0
rand3cnf_n20_r3.2,7,20,64,UNAVAILABLE,Glucose4,0.0,0,0,0,0,0
rand3cnf_n20_r3.2,8,20,64,SAT,CertiProof,0.0003071999999519903,10,0,0,0,0
rand3cnf_n20_r3.2,8,20,64,SAT,DPLL-Baseline,0.0005378000000746397,7,0,0,0,0
rand3cnf_n20_r3.2,8,20,64,UNAVAILABLE,Glucose4,0.0,0,0,0,0,0
rand3cnf_n20_r3.2,9,20,64,UNKNOWN,CertiProof,1.6884878000000754,50010,50000,50000,0,0
rand3cnf_n20_r3.2,9,20,64,SAT,DPLL-Baseline,0.0005480999998326297,8,0,0,0,0
rand3cnf_n20_r3.2,9,20,64,UNAVAILABLE,Glucose4,0.0,0,0,0,0,0
rand3cnf_n20_r3.4,0,20,68,UNKNOWN,CertiProof,0.7830767999998898,50003,50000,50000,0,0
rand3cnf_n20_r3.4,0,20,68,SAT,DPLL-Baseline,0.003356500000336382,28,0,0,0,0
rand3cnf_n20_r3.4,0,20,68,UNAVAILABLE,Glucose4,0.0,0,0,0,0,0
rand3cnf_n20_r3.4,1,20,68,UNKNOWN,CertiProof,1.7012273999998797,50003,50000,50000,0,0
rand3cnf_n20_r3.4,1,20,68,SAT,DPLL-Baseline,0.0006777999997211737,6,0,0,0,0
rand3cnf_n20_r3.4,1,20,68,UNAVAILABLE,Glucose4,0.0,0,0,0,0,0
rand3cnf_n20_r3.4,2,20,68,UNKNOWN,CertiProof,0.7045978999999534,50002,50000,50000,0,0
rand3cnf_n20_r3.4,2,20,68,SAT,DPLL-Baseline,0.0007872999999563035,10,0,0,0,0
rand3cnf_n20_r3.4,2,20,68,UNAVAILABLE,Glucose4,0.0,0,0,0,0,0
rand3cnf_n20_r3.4,3,20,68,SAT,CertiProof,0.00019819999988612835,4,0,0,0,0
rand3cnf_n20_r3.4,3,20,68,SAT,DPLL-Baseline,0.001261999999769614,11,0,0,0,0
rand3cnf_n20_r3.4,3,20,68,UNAVAILABLE,Glucose4,0.0,0,0,0,0,0
rand3cnf_n20_r3.4,4,20,68,UNKNOWN,CertiProof,0.7105357999998887,50003,50000,50000,0,0
rand3cnf_n20_r3.4,4,20,68,SAT,DPLL-Baseline,0.0011657000000013795,9,0,0,0,0
rand3cnf_n20_r3.4,4,20,68,UNAVAILABLE,Glucose4,0.0,0,0,0,0,0
rand3cnf_n20_r3.4,5,20,68,SAT,CertiProof,0.0002380000000812288,7,0,0,0,0
rand3cnf_n20_r3.4,5,20,68,SAT,DPLL-Baseline,0.000610199999755423,7,0,0,0,0
rand3cnf_n20_r3.4,5,20,68,UNAVAILABLE,Glucose4,0.0,0,0,0,0,0
rand3cnf_n20_r3.4,6,20,68,UNKNOWN,CertiProof,0.765987799999948,50003,50000,50000,0,0
rand3cnf_n20_r3.4,6,20,68,SAT,DPLL-Baseline,0.0008966000000327767,8,0,0,0,0
rand3cnf_n20_r3.4,6,20,68,UNAVAILABLE,Glucose4,0.0,0,0,0,0,0
rand3cnf_n20_r3.4,7,20,68,SAT,CertiProof,0.00019810000003417372,4,0,0,0,0
rand3cnf_n20_r3.4,7,20,68,SAT,DPLL-Baseline,0.0009572000003572612,12,0,0,0,0
rand3cnf_n20_r3.4,7,20,68,UNAVAILABLE,Glucose4,0.0,0,0,0,0,0
rand3cnf_n20_r3.4,8,20,68,SAT,CertiProof,0.00036699999964184826,9,1,1,0,0
rand3cnf_n20_r3.4,8,20,68,SAT,DPLL-Baseline,0.0008522999996785074,6,0,0,0,0
rand3cnf_n20_r3.4,8,20,68,UNAVAILABLE,Glucose4,0.0,0,0,0,0,0
rand3cnf_n20_r3.4,9,20,68,SAT,CertiProof,0.00022360000002663583,5,0,0,0,0
rand3cnf_n20_r3.4,9,20,68,SAT,DPLL-Baseline,0.00038199999971766374,3,0,0,0,0
rand3cnf_n20_r3.4,9,20,68,UNAVAILABLE,Glucose4,0.0,0,0,0,0,0
rand3cnf_n20_r3.6,0,20,72,UNKNOWN,CertiProof,0.8185469999998531,50003,50000,50000,0,0
rand3cnf_n20_r3.6,0,20,72,SAT,DPLL-Baseline,0.004155199999786419,35,0,0,0,0
rand3cnf_n20_r3.6,0,20,72,UNAVAILABLE,Glucose4,0.0,0,0,0,0,0
rand3cnf_n20_r3.6,1,20,72,UNKNOWN,CertiProof,0.7094515999997384,50001,50000,50000,0,0
rand3cnf_n20_r3.6,1,20,72,SAT,DPLL-Baseline,0.0016561999996156374,13,0,0,0,0
rand3cnf_n20_r3.6,1,20,72,UNAVAILABLE,Glucose4,0.0,0,0,0,0,0
rand3cnf_n20_r3.6,2,20,72,UNKNOWN,CertiProof,0.7114019999999073,50001,50000,50000,0,0
rand3cnf_n20_r3.6,2,20,72,SAT,DPLL-Baseline,0.0004564000000755186,5,0,0,0,0
rand3cnf_n20_r3.6,2,20,72,UNAVAILABLE,Glucose4,0.0,0,0,0,0,0
rand3cnf_n20_r3.6,3,20,72,UNKNOWN,CertiProof,0.7058842000001277,50002,50000,50000,0,0
rand3cnf_n20_r3.6,3,20,72,SAT,DPLL-Baseline,0.0012335999999777414,10,0,0,0,0
rand3cnf_n20_r3.6,3,20,72,UNAVAILABLE,Glucose4,0.0,0,0,0,0,0
rand3cnf_n20_r3.6,4,20,72,UNKNOWN,CertiProof,2.066053699999884,50002,50000,50000,0,0
rand3cnf_n20_r3.6,4,20,72,SAT,DPLL-Baseline,0.001280399999814108,10,0,0,0,0
rand3cnf_n20_r3.6,4,20,72,UNAVAILABLE,Glucose4,0.0,0,0,0,0,0
rand3cnf_n20_r3.6,5,20,72,UNKNOWN,CertiProof,0.7700771999998324,50003,50000,50000,0,0
rand3cnf_n20_r3.6,5,20,72,SAT,DPLL-Baseline,0.0004528999998001382,4,0,0,0,0
rand3cnf_n20_r3.6,5,20,72,UNAVAILABLE,Glucose4,0.0,0,0,0,0,0
rand3cnf_n20_r3.6,6,20,72,UNKNOWN,CertiProof,0.8190996999996969,50007,50000,50000,0,0
rand3cnf_n20_r3.6,6,20,72,SAT,DPLL-Baseline,0.0008997999998427986,9,0,0,0,0
rand3cnf_n20_r3.6,6,20,72,UNAVAILABLE,Glucose4,0.0,0,0,0,0,0
rand3cnf_n20_r3.6,7,20,72,UNKNOWN,CertiProof,0.7055656000002273,50002,50000,50000,0,0
rand3cnf_n20_r3.6,7,20,72,SAT,DPLL-Baseline,0.0010115999998561165,8,0,0,0,0
rand3cnf_n20_r3.6,7,20,72,UNAVAILABLE,Glucose4,0.0,0,0,0,0,0
rand3cnf_n20_r3.6,8,20,72,SAT,CertiProof,0.0002797999995891587,9,0,0,0,0
rand3cnf_n20_r3.6,8,20,72,SAT,DPLL-Baseline,0.0005101000001559441,7,0,0,0,0
rand3cnf_n20_r3.6,8,20,72,UNAVAILABLE,Glucose4,0.0,0,0,0,0,0
rand3cnf_n20_r3.6,9,20,72,UNKNOWN,CertiProof,0.7044823000001088,50002,50000,50000,0,0
rand3cnf_n20_r3.6,9,20,72,SAT,DPLL-Baseline,0.004084799999873212,26,0,0,0,0
rand3cnf_n20_r3.6,9,20,72,UNAVAILABLE,Glucose4,0.0,0,0,0,0,0
rand3cnf_n20_r3.8,0,20,76,UNKNOWN,CertiProof,0.710805000000164,50004,50000,50000,0,0
rand3cnf_n20_r3.8,0,20,76,SAT,DPLL-Baseline,0.001419299999724899,9,0,0,0,0
rand3cnf_n20_r3.8,0,20,76,UNAVAILABLE,Glucose4,0.0,0,0,0,0,0
rand3cnf_n20_r3.8,1,20,76,SAT,CertiProof,0.00025700000014694524,7,0,0,0,0
rand3cnf_n20_r3.8,1,20,76,SAT,DPLL-Baseline,0.001742999999805761,15,0,0,0,0
rand3cnf_n20_r3.8,1,20,76,UNAVAILABLE,Glucose4,0.0,0,0,0,0,0
rand3cnf_n20_r3.8,2,20,76,UNKNOWN,CertiProof,0.7604904999998325,50002,50000,50000,0,0
rand3cnf_n20_r3.8,2,20,76,SAT,DPLL-Baseline,0.001900299999761046,13,0,0,0,0
rand3cnf_n20_r3.8,2,20,76,UNAVAILABLE,Glucose4,0.0,0,0,0,0,0
rand3cnf_n20_r3.8,3,20,76,UNKNOWN,CertiProof,0.789343099999769,50010,50000,50000,0,0
rand3cnf_n20_r3.8,3,20,76,SAT,DPLL-Baseline,0.0004998999997951614,5,0,0,0,0
rand3cnf_n20_r3.8,3,20,76,UNAVAILABLE,Glucose4,0.0,0,0,0,0,0
rand3cnf_n20_r3.8,4,20,76,UNKNOWN,CertiProof,0.7151908000000731,50003,50000,50000,0,0
rand3cnf_n20_r3.8,4,20,76,SAT,DPLL-Baseline,0.0005369000000428059,4,0,0,0,0
rand3cnf_n20_r3.8,4,20,76,UNAVAILABLE,Glucose4,0.0,0,0,0,0,0
rand3cnf_n20_r3.8,5,20,76,UNKNOWN,CertiProof,0.7064061000000947,50002,50000,50000,0,0
rand3cnf_n20_r3.8,5,20,76,SAT,DPLL-Baseline,0.0021037999999862222,16,0,0,0,0
rand3cnf_n20_r3.8,5,20,76,UNAVAILABLE,Glucose4,0.0,0,0,0,0,0
rand3cnf_n20_r3.8,6,20,76,UNKNOWN,CertiProof,1.638438099999803,50004,50000,50000,0,0
rand3cnf_n20_r3.8,6,20,76,SAT,DPLL-Baseline,0.0009605999998711923,8,0,0,0,0
rand3cnf_n20_r3.8,6,20,76,UNAVAILABLE,Glucose4,0.0,0,0,0,0,0
rand3cnf_n20_r3.8,7,20,76,SAT,CertiProof,0.00019840000004478497,3,0,0,0,0
rand3cnf_n20_r3.8,7,20,76,SAT,DPLL-Baseline,0.0006180999998832704,7,0,0,0,0
rand3cnf_n20_r3.8,7,20,76,UNAVAILABLE,Glucose4,0.0,0,0,0,0,0
rand3cnf_n20_r3.8,8,20,76,UNKNOWN,CertiProof,0.740089800000078,50002,50000,50000,0,0
rand3cnf_n20_r3.8,8,20,76,SAT,DPLL-Baseline,0.0009639999998398707,8,0,0,0,0
rand3cnf_n20_r3.8,8,20,76,UNAVAILABLE,Glucose4,0.0,0,0,0,0,0
rand3cnf_n20_r3.8,9,20,76,UNKNOWN,CertiProof,1.7212589000000662,50003,50000,50000,0,0
rand3cnf_n20_r3.8,9,20,76,SAT,DPLL-Baseline,0.0018798000000970205,15,0,0,0,0
rand3cnf_n20_r3.8,9,20,76,UNAVAILABLE,Glucose4,0.0,0,0,0,0,0
rand3cnf_n20_r4.0,0,20,80,UNKNOWN,CertiProof,1.7863640000000487,50003,50000,50000,0,0
rand3cnf_n20_r4.0,0,20,80,SAT,DPLL-Baseline,0.0007244999997055857,6,0,0,0,0
rand3cnf_n20_r4.0,0,20,80,UNAVAILABLE,Glucose4,0.0,0,0,0,0,0
rand3cnf_n20_r4.0,1,20,80,UNKNOWN,CertiProof,0.6911368000000948,50002,50000,50000,0,0
rand3cnf_n20_r4.0,1,20,80,SAT,DPLL-Baseline,0.0014806000003773079,10,0,0,0,0
rand3cnf_n20_r4.0,1,20,80,UNAVAILABLE,Glucose4,0.0,0,0,0,0,0
rand3cnf_n20_r4.0,2,20,80,SAT,CertiProof,0.00021169999990888755,4,0,0,0,0
rand3cnf_n20_r4.0,2,20,80,SAT,DPLL-Baseline,0.001731500000005326,13,0,0,0,0
rand3cnf_n20_r4.0,2,20,80,UNAVAILABLE,Glucose4,0.0,0,0,0,0,0
rand3cnf_n20_r4.0,3,20,80,UNKNOWN,CertiProof,0.7426712999999836,50006,50000,50000,0,0
rand3cnf_n20_r4.0,3,20,80,SAT,DPLL-Baseline,0.0009316000000580971,8,0,0,0,0
rand3cnf_n20_r4.0,3,20,80,UNAVAILABLE,Glucose4,0.0,0,0,0,0,0
rand3cnf_n20_r4.0,4,20,80,SAT,CertiProof,0.00023039999996399274,5,0,0,0,0
rand3cnf_n20_r4.0,4,20,80,SAT,DPLL-Baseline,0.0016206999998757965,12,0,0,0,0
rand3cnf_n20_r4.0,4,20,80,UNAVAILABLE,Glucose4,0.0,0,0,0,0,0
rand3cnf_n20_r4.0,5,20,80,UNKNOWN,CertiProof,0.7645972000000256,50002,50000,50000,0,0
rand3cnf_n20_r4.0,5,20,80,UNSAT,DPLL-Baseline,0.0024391000001742213,14,0,0,0,0
rand3cnf_n20_r4.0,5,20,80,UNAVAILABLE,Glucose4,0.0,0,0,0,0,0
rand3cnf_n20_r4.0,6,20,80,UNKNOWN,CertiProof,0.7279333999999835,50003,50000,50000,0,0
rand3cnf_n20_r4.0,6,20,80,SAT,DPLL-Baseline,0.0008280000001832377,7,0,0,0,0
rand3cnf_n20_r4.0,6,20,80,UNAVAILABLE,Glucose4,0.0,0,0,0,0,0
rand3cnf_n20_r4.0,7,20,80,UNKNOWN,CertiProof,0.7178871000000981,50002,50000,50000,0,0
rand3cnf_n20_r4.0,7,20,80,SAT,DPLL-Baseline,0.0006522999997287116,7,0,0,0,0
rand3cnf_n20_r4.0,7,20,80,UNAVAILABLE,Glucose4,0.0,0,0,0,0,0
rand3cnf_n20_r4.0,8,20,80,UNKNOWN,CertiProof,0.6929137999995874,50001,50000,50000,0,0
rand3cnf_n20_r4.0,8,20,80,SAT,DPLL-Baseline,0.0007912000000942498,5,0,0,0,0
rand3cnf_n20_r4.0,8,20,80,UNAVAILABLE,Glucose4,0.0,0,0,0,0,0
rand3cnf_n20_r4.0,9,20,80,UNKNOWN,CertiProof,0.8620488000001387,50004,50000,50000,0,0
rand3cnf_n20_r4.0,9,20,80,SAT,DPLL-Baseline,0.0013377000000218686,8,0,0,0,0
rand3cnf_n20_r4.0,9,20,80,UNAVAILABLE,Glucose4,0.0,0,0,0,0,0
rand3cnf_n20_r4.2,0,20,84,UNKNOWN,CertiProof,0.7095386000000872,50001,50000,50000,0,0
rand3cnf_n20_r4.2,0,20,84,SAT,DPLL-Baseline,0.0021372999999584863,13,0,0,0,0
rand3cnf_n20_r4.2,0,20,84,UNAVAILABLE,Glucose4,0.0,0,0,0,0,0
rand3cnf_n20_r4.2,1,20,84,SAT,CertiProof,0.00047050000011950033,13,1,1,0,0
rand3cnf_n20_r4.2,1,20,84,SAT,DPLL-Baseline,0.0008232000000134576,9,0,0,0,0
rand3cnf_n20_r4.2,1,20,84,UNAVAILABLE,Glucose4,0.0,0,0,0,0,0
rand3cnf_n20_r4.2,2,20,84,UNKNOWN,CertiProof,105.42991920000031,150000,50000,50000,0,0
rand3cnf_n20_r4.2,2,20,84,SAT,DPLL-Baseline,0.0030022000000826665,20,0,0,0,0
rand3cnf_n20_r4.2,2,20,84,UNAVAILABLE,Glucose4,0.0,0,0,0,0,0
rand3cnf_n20_r4.2,3,20,84,UNKNOWN,CertiProof,1.7387152000001151,50003,50000,50000,0,0
rand3cnf_n20_r4.2,3,20,84,SAT,DPLL-Baseline,0.0019600000000536966,13,0,0,0,0
rand3cnf_n20_r4.2,3,20,84,UNAVAILABLE,Glucose4,0.0,0,0,0,0,0
rand3cnf_n20_r4.2,4,20,84,UNKNOWN,CertiProof,0.7108302000001459,50001,50000,50000,0,0
rand3cnf_n20_r4.2,4,20,84,SAT,DPLL-Baseline,0.002731299999595649,17,0,0,0,0
rand3cnf_n20_r4.2,4,20,84,UNAVAILABLE,Glucose4,0.0,0,0,0,0,0
rand3cnf_n20_r4.2,5,20,84,SAT,CertiProof,0.0031321999999818217,110,100,100,0,0
rand3cnf_n20_r4.2,5,20,84,SAT,DPLL-Baseline,0.0007081999997353705,5,0,0,0,0
rand3cnf_n20_r4.2,5,20,84,UNAVAILABLE,Glucose4,0.0,0,0,0,0,0
rand3cnf_n20_r4.2,6,20,84,UNKNOWN,CertiProof,0.7860149000002821,50003,50000,50000,0,0
rand3cnf_n20_r4.2,6,20,84,SAT,DPLL-Baseline,0.001486500000282831,10,0,0,0,0
rand3cnf_n20_r4.2,6,20,84,UNAVAILABLE,Glucose4,0.0,0,0,0,0,0
rand3cnf_n20_r4.2,7,20,84,UNKNOWN,CertiProof,0.7057740999998714,50003,50000,50000,0,0
rand3cnf_n20_r4.2,7,20,84,SAT,DPLL-Baseline,0.0005504999999175197,5,0,0,0,0
rand3cnf_n20_r4.2,7,20,84,UNAVAILABLE,Glucose4,0.0,0,0,0,0,0
rand3cnf_n20_r4.2,8,20,84,UNKNOWN,CertiProof,0.724339300000338,50003,50000,50000,0,0
rand3cnf_n20_r4.2,8,20,84,UNSAT,DPLL-Baseline,0.0030225000000427826,22,0,0,0,0
rand3cnf_n20_r4.2,8,20,84,UNAVAILABLE,Glucose4,0.0,0,0,0,0,0
rand3cnf_n20_r4.2,9,20,84,UNKNOWN,CertiProof,0.7283536999998432,50002,50000,50000,0,0
rand3cnf_n20_r4.2,9,20,84,UNSAT,DPLL-Baseline,0.0024051000000326894,16,0,0,0,0
rand3cnf_n20_r4.2,9,20,84,UNAVAILABLE,Glucose4,0.0,0,0,0,0,0
rand3cnf_n20_r4.4,0,20,88,UNKNOWN,CertiProof,0.7629597000000103,50003,50000,50000,0,0
rand3cnf_n20_r4.4,0,20,88,UNSAT,DPLL-Baseline,0.0011063999995712948,7,0,0,0,0
rand3cnf_n20_r4.4,0,20,88,UNAVAILABLE,Glucose4,0.0,0,0,0,0,0
rand3cnf_n20_r4.4,1,20,88,UNKNOWN,CertiProof,2.96738809999988,50002,50000,50000,0,0
rand3cnf_n20_r4.4,1,20,88,SAT,DPLL-Baseline,0.002692600000045786,19,0,0,0,0
rand3cnf_n20_r4.4,1,20,88,UNAVAILABLE,Glucose4,0.0,0,0,0,0,0
rand3cnf_n20_r4.4,2,20,88,UNKNOWN,CertiProof,176.2116049000001,250000,50000,50000,0,0
rand3cnf_n20_r4.4,2,20,88,UNSAT,DPLL-Baseline,0.0012707000005320879,10,0,0,0,0
rand3cnf_n20_r4.4,2,20,88,UNAVAILABLE,Glucose4,0.0,0,0,0,0,0
rand3cnf_n20_r4.4,3,20,88,UNKNOWN,CertiProof,0.6961810000002515,50002,50000,50000,0,0
rand3cnf_n20_r4.4,3,20,88,SAT,DPLL-Baseline,0.0020798999994440237,15,0,0,0,0
rand3cnf_n20_r4.4,3,20,88,UNAVAILABLE,Glucose4,0.0,0,0,0,0,0
rand3cnf_n20_r4.4,4,20,88,UNKNOWN,CertiProof,0.8236769000004642,50008,50000,50000,0,0
rand3cnf_n20_r4.4,4,20,88,UNSAT,DPLL-Baseline,0.0016571999994994258,10,0,0,0,0
rand3cnf_n20_r4.4,4,20,88,UNAVAILABLE,Glucose4,0.0,0,0,0,0,0
rand3cnf_n20_r4.4,5,20,88,UNKNOWN,CertiProof,2.2398794999999154,50003,50000,50000,0,0
rand3cnf_n20_r4.4,5,20,88,SAT,DPLL-Baseline,0.00304489999962243,17,0,0,0,0
rand3cnf_n20_r4.4,5,20,88,UNAVAILABLE,Glucose4,0.0,0,0,0,0,0
rand3cnf_n20_r4.4,6,20,88,UNKNOWN,CertiProof,70.11413869999978,100000,50000,50000,0,0
rand3cnf_n20_r4.4,6,20,88,UNSAT,DPLL-Baseline,0.002474599999914062,17,0,0,0,0
rand3cnf_n20_r4.4,6,20,88,UNAVAILABLE,Glucose4,0.0,0,0,0,0,0
rand3cnf_n20_r4.4,7,20,88,UNKNOWN,CertiProof,0.7727961999999025,50001,50000,50000,0,0
rand3cnf_n20_r4.4,7,20,88,UNSAT,DPLL-Baseline,0.0024991999998746905,12,0,0,0,0
rand3cnf_n20_r4.4,7,20,88,UNAVAILABLE,Glucose4,0.0,0,0,0,0,0
rand3cnf_n20_r4.4,8,20,88,UNKNOWN,CertiProof,0.7442699000002904,50004,50000,50000,0,0
rand3cnf_n20_r4.4,8,20,88,SAT,DPLL-Baseline,0.001759900000251946,8,0,0,0,0
rand3cnf_n20_r4.4,8,20,88,UNAVAILABLE,Glucose4,0.0,0,0,0,0,0
rand3cnf_n20_r4.4,9,20,88,UNKNOWN,CertiProof,2.364755100000366,50001,50000,50000,0,0
rand3cnf_n20_r4.4,9,20,88,SAT,DPLL-Baseline,0.0012253000004420755,8,0,0,0,0
rand3cnf_n20_r4.4,9,20,88,UNAVAILABLE,Glucose4,0.0,0,0,0,0,0
rand3cnf_n20_r4.6,0,20,92,UNKNOWN,CertiProof,0.7763529999992898,50003,50000,50000,0,0
rand3cnf_n20_r4.6,0,20,92,SAT,DPLL-Baseline,0.004027500000120199,29,0,0,0,0
rand3cnf_n20_r4.6,0,20,92,UNAVAILABLE,Glucose4,0.0,0,0,0,0,0
rand3cnf_n20_r4.6,1,20,92,UNKNOWN,CertiProof,0.6863632000004145,50001,50000,50000,0,0
rand3cnf_n20_r4.6,1,20,92,SAT,DPLL-Baseline,0.0017576000000190106,13,0,0,0,0
rand3cnf_n20_r4.6,1,20,92,UNAVAILABLE,Glucose4,0.0,0,0,0,0,0
rand3cnf_n20_r4.6,2,20,92,UNKNOWN,CertiProof,3.4208403000002363,50002,50000,50000,0,0
rand3cnf_n20_r4.6,2,20,92,SAT,DPLL-Baseline,0.0016030000006139744,11,0,0,0,0
rand3cnf_n20_r4.6,2,20,92,UNAVAILABLE,Glucose4,0.0,0,0,0,0,0
rand3cnf_n20_r4.6,3,20,92,UNKNOWN,CertiProof,0.7029978000000483,50003,50000,50000,0,0
rand3cnf_n20_r4.6,3,20,92,UNSAT,DPLL-Baseline,0.004907900000034715,30,0,0,0,0
rand3cnf_n20_r4.6,3,20,92,UNAVAILABLE,Glucose4,0.0,0,0,0,0,0
rand3cnf_n20_r4.6,4,20,92,UNKNOWN,CertiProof,0.698065300000053,50002,50000,50000,0,0
rand3cnf_n20_r4.6,4,20,92,UNSAT,DPLL-Baseline,0.004449699999895529,27,0,0,0,0
rand3cnf_n20_r4.6,4,20,92,UNAVAILABLE,Glucose4,0.0,0,0,0,0,0
rand3cnf_n20_r4.6,5,20,92,UNKNOWN,CertiProof,0.6879662999999709,50001,50000,50000,0,0
rand3cnf_n20_r4.6,5,20,92,SAT,DPLL-Baseline,0.002066699999886623,15,0,0,0,0
rand3cnf_n20_r4.6,5,20,92,UNAVAILABLE,Glucose4,0.0,0,0,0,0,0
rand3cnf_n20_r4.6,6,20,92,UNKNOWN,CertiProof,2.0249166000003243,50005,50000,50000,0,0
rand3cnf_n20_r4.6,6,20,92,UNSAT,DPLL-Baseline,0.003446599999733735,26,0,0,0,0
rand3cnf_n20_r4.6,6,20,92,UNAVAILABLE,Glucose4,0.0,0,0,0,0,0
rand3cnf_n20_r4.6,7,20,92,SAT,CertiProof,0.0003048999997190549,7,0,0,0,0
rand3cnf_n20_r4.6,7,20,92,SAT,DPLL-Baseline,0.0005356000001484063,5,0,0,0,0
rand3cnf_n20_r4.6,7,20,92,UNAVAILABLE,Glucose4,0.0,0,0,0,0,0
rand3cnf_n20_r4.6,8,20,92,UNKNOWN,CertiProof,1.5849611000003279,50003,50000,50000,0,0
rand3cnf_n20_r4.6,8,20,92,UNSAT,DPLL-Baseline,0.0047469000001001405,31,0,0,0,0
rand3cnf_n20_r4.6,8,20,92,UNAVAILABLE,Glucose4,0.0,0,0,0,0,0
rand3cnf_n20_r4.6,9,20,92,UNKNOWN,CertiProof,0.6900359999999637,50002,50000,50000,0,0
rand3cnf_n20_r4.6,9,20,92,SAT,DPLL-Baseline,0.0016649000008328585,6,0,0,0,0
rand3cnf_n20_r4.6,9,20,92,UNAVAILABLE,Glucose4,0.0,0,0,0,0,0
rand3cnf_n20_r4.8,0,20,96,UNKNOWN,CertiProof,0.6757033000003503,50002,50000,50000,0,0
rand3cnf_n20_r4.8,0,20,96,UNSAT,DPLL-Baseline,0.003127699999822653,19,0,0,0,0
rand3cnf_n20_r4.8,0,20,96,UNAVAILABLE,Glucose4,0.0,0,0,0,0,0
rand3cnf_n20_r4.8,1,20,96,UNKNOWN,CertiProof,0.68587639999987,50003,50000,50000,0,0
rand3cnf_n20_r4.8,1,20,96,UNSAT,DPLL-Baseline,0.001840299999457784,11,0,0,0,0
rand3cnf_n20_r4.8,1,20,96,UNAVAILABLE,Glucose4,0.0,0,0,0,0,0
rand3cnf_n20_r4.8,2,20,96,UNKNOWN,CertiProof,0.7562551999999414,50005,50000,50000,0,0
rand3cnf_n20_r4.8,2,20,96,UNSAT,DPLL-Baseline,0.0017311999999947147,10,0,0,0,0
rand3cnf_n20_r4.8,2,20,96,UNAVAILABLE,Glucose4,0.0,0,0,0,0,0
rand3cnf_n20_r4.8,3,20,96,UNKNOWN,CertiProof,1.2607494999992923,50002,50000,50000,0,0
rand3cnf_n20_r4.8,3,20,96,UNSAT,DPLL-Baseline,0.001309899999796471,7,0,0,0,0
rand3cnf_n20_r4.8,3,20,96,UNAVAILABLE,Glucose4,0.0,0,0,0,0,0
rand3cnf_n20_r4.8,4,20,96,UNKNOWN,CertiProof,0.7114149999997608,50002,50000,50000,0,0
rand3cnf_n20_r4.8,4,20,96,SAT,DPLL-Baseline,0.0033254999998462154,19,0,0,0,0
rand3cnf_n20_r4.8,4,20,96,UNAVAILABLE,Glucose4,0.0,0,0,0,0,0
rand3cnf_n20_r4.8,5,20,96,UNKNOWN,CertiProof,0.6716605999999956,50002,50000,50000,0,0
rand3cnf_n20_r4.8,5,20,96,SAT,DPLL-Baseline,0.0004635999994206941,2,0,0,0,0
rand3cnf_n20_r4.8,5,20,96,UNAVAILABLE,Glucose4,0.0,0,0,0,0,0
rand3cnf_n20_r4.8,6,20,96,UNKNOWN,CertiProof,0.671732300000258,50001,50000,50000,0,0
rand3cnf_n20_r4.8,6,20,96,UNSAT,DPLL-Baseline,0.0012059999999110005,4,0,0,0,0
rand3cnf_n20_r4.8,6,20,96,UNAVAILABLE,Glucose4,0.0,0,0,0,0,0
rand3cnf_n20_r4.8,7,20,96,UNKNOWN,CertiProof,0.7142469000000347,50004,50000,50000,0,0
rand3cnf_n20_r4.8,7,20,96,UNSAT,DPLL-Baseline,0.003120200000012119,23,0,0,0,0
rand3cnf_n20_r4.8,7,20,96,UNAVAILABLE,Glucose4,0.0,0,0,0,0,0
rand3cnf_n20_r4.8,8,20,96,UNKNOWN,CertiProof,0.6807731999997486,50003,50000,50000,0,0
rand3cnf_n20_r4.8,8,20,96,UNSAT,DPLL-Baseline,0.0039083000001483015,25,0,0,0,0
rand3cnf_n20_r4.8,8,20,96,UNAVAILABLE,Glucose4,0.0,0,0,0,0,0
rand3cnf_n20_r4.8,9,20,96,UNKNOWN,CertiProof,1.3364685999995345,50003,50000,50000,0,0
rand3cnf_n20_r4.8,9,20,96,SAT,DPLL-Baseline,0.0022926000001461944,13,0,0,0,0
rand3cnf_n20_r4.8,9,20,96,UNAVAILABLE,Glucose4,0.0,0,0,0,0,0
rand3cnf_n20_r5.0,0,20,100,UNKNOWN,CertiProof,104.37430359999962,150000,50000,50000,0,0
rand3cnf_n20_r5.0,0,20,100,UNSAT,DPLL-Baseline,0.003205000000889413,16,0,0,0,0
rand3cnf_n20_r5.0,0,20,100,UNAVAILABLE,Glucose4,0.0,0,0,0,0,0
rand3cnf_n20_r5.0,1,20,100,UNKNOWN,CertiProof,2.3042059999997946,50001,50000,50000,0,0
rand3cnf_n20_r5.0,1,20,100,UNSAT,DPLL-Baseline,0.0033462000001236447,19,0,0,0,0
rand3cnf_n20_r5.0,1,20,100,UNAVAILABLE,Glucose4,0.0,0,0,0,0,0
rand3cnf_n20_r5.0,2,20,100,UNKNOWN,CertiProof,0.6955330999999205,50002,50000,50000,0,0
rand3cnf_n20_r5.0,2,20,100,SAT,DPLL-Baseline,0.001053400000273541,7,0,0,0,0
rand3cnf_n20_r5.0,2,20,100,UNAVAILABLE,Glucose4,0.0,0,0,0,0,0
rand3cnf_n20_r5.0,3,20,100,UNKNOWN,CertiProof,0.7417387000004965,50002,50000,50000,0,0
rand3cnf_n20_r5.0,3,20,100,UNSAT,DPLL-Baseline,0.0008874000004652771,4,0,0,0,0
rand3cnf_n20_r5.0,3,20,100,UNAVAILABLE,Glucose4,0.0,0,0,0,0,0
rand3cnf_n20_r5.0,4,20,100,UNKNOWN,CertiProof,2.3196735000001354,50001,50000,50000,0,0
rand3cnf_n20_r5.0,4,20,100,UNSAT,DPLL-Baseline,0.004196500000034575,22,0,0,0,0
rand3cnf_n20_r5.0,4,20,100,UNAVAILABLE,Glucose4,0.0,0,0,0,0,0
rand3cnf_n20_r5.0,5,20,100,UNKNOWN,CertiProof,1.6772282000001724,50002,50000,50000,0,0
rand3cnf_n20_r5.0,5,20,100,SAT,DPLL-Baseline,0.0028790000005756156,17,0,0,0,0
rand3cnf_n20_r5.0,5,20,100,UNAVAILABLE,Glucose4,0.0,0,0,0,0,0
rand3cnf_n20_r5.0,6,20,100,UNKNOWN,CertiProof,75.82922280000003,100000,50000,50000,0,0
rand3cnf_n20_r5.0,6,20,100,UNSAT,DPLL-Baseline,0.001990499999919848,12,0,0,0,0
rand3cnf_n20_r5.0,6,20,100,UNAVAILABLE,Glucose4,0.0,0,0,0,0,0
rand3cnf_n20_r5.0,7,20,100,UNKNOWN,CertiProof,0.77351759999965,50007,50000,50000,0,0
rand3cnf_n20_r5.0,7,20,100,SAT,DPLL-Baseline,0.0016831000002639485,9,0,0,0,0
rand3cnf_n20_r5.0,7,20,100,UNAVAILABLE,Glucose4,0.0,0,0,0,0,0
rand3cnf_n20_r5.0,8,20,100,UNKNOWN,CertiProof,0.758395400000154,50007,50000,50000,0,0
rand3cnf_n20_r5.0,8,20,100,UNSAT,DPLL-Baseline,0.002052200000434823,13,0,0,0,0
rand3cnf_n20_r5.0,8,20,100,UNAVAILABLE,Glucose4,0.0,0,0,0,0,0
rand3cnf_n20_r5.0,9,20,100,UNKNOWN,CertiProof,0.740318500000285,50001,50000,50000,0,0
rand3cnf_n20_r5.0,9,20,100,UNSAT,DPLL-Baseline,0.0022100999995018356,11,0,0,0,0
rand3cnf_n20_r5.0,9,20,100,UNAVAILABLE,Glucose4,0.0,0,0,0,0,0
rand3cnf_n20_r5.2,0,20,104,UNKNOWN,CertiProof,0.7096985999996832,50003,50000,50000,0,0
rand3cnf_n20_r5.2,0,20,104,SAT,DPLL-Baseline,0.0009764999995240942,5,0,0,0,0
rand3cnf_n20_r5.2,0,20,104,UNAVAILABLE,Glucose4,0.0,0,0,0,0,0
rand3cnf_n20_r5.2,1,20,104,UNKNOWN,CertiProof,2.3652000000001863,50002,50000,50000,0,0
rand3cnf_n20_r5.2,1,20,104,UNSAT,DPLL-Baseline,0.002198399999542744,12,0,0,0,0
rand3cnf_n20_r5.2,1,20,104,UNAVAILABLE,Glucose4,0.0,0,0,0,0,0
rand3cnf_n20_r5.2,2,20,104,UNKNOWN,CertiProof,3.0480163000001994,50001,50000,50000,0,0
rand3cnf_n20_r5.2,2,20,104,UNSAT,DPLL-Baseline,0.003146799999740324,20,0,0,0,0
rand3cnf_n20_r5.2,2,20,104,UNAVAILABLE,Glucose4,0.0,0,0,0,0,0
rand3cnf_n20_r5.2,3,20,104,UNKNOWN,CertiProof,0.7851306000002296,50002,50000,50000,0,0
rand3cnf_n20_r5.2,3,20,104,UNSAT,DPLL-Baseline,0.0021084999998493004,9,0,0,0,0
rand3cnf_n20_r5.2,3,20,104,UNAVAILABLE,Glucose4,0.0,0,0,0,0,0
rand3cnf_n20_r5.2,4,20,104,UNKNOWN,CertiProof,0.8195947999993223,50003,50000,50000,0,0
rand3cnf_n20_r5.2,4,20,104,UNSAT,DPLL-Baseline,0.0026112000005014124,12,0,0,0,0
rand3cnf_n20_r5.2,4,20,104,UNAVAILABLE,Glucose4,0.0,0,0,0,0,0
rand3cnf_n20_r5.2,5,20,104,UNKNOWN,CertiProof,0.8052953999995225,50002,50000,50000,0,0
rand3cnf_n20_r5.2,5,20,104,UNSAT,DPLL-Baseline,0.002462299999933748,9,0,0,0,0
rand3cnf_n20_r5.2,5,20,104,UNAVAILABLE,Glucose4,0.0,0,0,0,0,0
rand3cnf_n20_r5.2,6,20,104,SAT,CertiProof,0.00023039999996399274,2,0,0,0,0
rand3cnf_n20_r5.2,6,20,104,SAT,DPLL-Baseline,0.0011245000005146721,7,0,0,0,0
rand3cnf_n20_r5.2,6,20,104,UNAVAILABLE,Glucose4,0.0,0,0,0,0,0
rand3cnf_n20_r5.2,7,20,104,UNKNOWN,CertiProof,0.805109299999458,50005,50000,50000,0,0
rand3cnf_n20_r5.2,7,20,104,SAT,DPLL-Baseline,0.0021730999997089384,12,0,0,0,0
rand3cnf_n20_r5.2,7,20,104,UNAVAILABLE,Glucose4,0.0,0,0,0,0,0
rand3cnf_n20_r5.2,8,20,104,SAT,CertiProof,0.00023770000007061753,2,0,0,0,0
rand3cnf_n20_r5.2,8,20,104,SAT,DPLL-Baseline,0.0006029999995007529,4,0,0,0,0
rand3cnf_n20_r5.2,8,20,104,UNAVAILABLE,Glucose4,0.0,0,0,0,0,0
rand3cnf_n20_r5.2,9,20,104,UNKNOWN,CertiProof,83.0789423999995,100000,50000,50000,0,0
rand3cnf_n20_r5.2,9,20,104,SAT,DPLL-Baseline,0.003141199999845412,17,0,0,0,0
rand3cnf_n20_r5.2,9,20,104,UNAVAILABLE,Glucose4,0.0,0,0,0,0,0
rand3cnf_n20_r5.4,0,20,108,UNKNOWN,CertiProof,0.8142104000007748,50003,50000,50000,0,0
rand3cnf_n20_r5.4,0,20,108,UNSAT,DPLL-Baseline,0.0015664000002288958,8,0,0,0,0
rand3cnf_n20_r5.4,0,20,108,UNAVAILABLE,Glucose4,0.0,0,0,0,0,0
rand3cnf_n20_r5.4,1,20,108,UNKNOWN,CertiProof,0.7892867000000479,50002,50000,50000,0,0
rand3cnf_n20_r5.4,1,20,108,UNSAT,DPLL-Baseline,0.003560000000106811,16,0,0,0,0
rand3cnf_n20_r5.4,1,20,108,UNAVAILABLE,Glucose4,0.0,0,0,0,0,0
rand3cnf_n20_r5.4,2,20,108,UNKNOWN,CertiProof,0.9021524999998292,50002,50000,50000,0,0
rand3cnf_n20_r5.4,2,20,108,UNSAT,DPLL-Baseline,0.0020673000008173403,9,0,0,0,0
rand3cnf_n20_r5.4,2,20,108,UNAVAILABLE,Glucose4,0.0,0,0,0,0,0
rand3cnf_n20_r5.4,3,20,108,UNKNOWN,CertiProof,1.636142700000164,50002,50000,50000,0,0
rand3cnf_n20_r5.4,3,20,108,UNSAT,DPLL-Baseline,0.0029500000000552973,16,0,0,0,0
rand3cnf_n20_r5.4,3,20,108,UNAVAILABLE,Glucose4,0.0,0,0,0,0,0
rand3cnf_n20_r5.4,4,20,108,UNKNOWN,CertiProof,0.7645003999996334,50001,50000,50000,0,0
rand3cnf_n20_r5.4,4,20,108,UNSAT,DPLL-Baseline,0.0012667999999393942,5,0,0,0,0
rand3cnf_n20_r5.4,4,20,108,UNAVAILABLE,Glucose4,0.0,0,0,0,0,0
rand3cnf_n20_r5.4,5,20,108,UNKNOWN,CertiProof,0.9434642000005624,50007,50000,50000,0,0
rand3cnf_n20_r5.4,5,20,108,UNSAT,DPLL-Baseline,0.003405200000088371,14,0,0,0,0
rand3cnf_n20_r5.4,5,20,108,UNAVAILABLE,Glucose4,0.0,0,0,0,0,0
rand3cnf_n20_r5.4,6,20,108,UNKNOWN,CertiProof,0.9831612999996651,50003,50000,50000,0,0
rand3cnf_n20_r5.4,6,20,108,UNSAT,DPLL-Baseline,0.003952700000809273,20,0,0,0,0
rand3cnf_n20_r5.4,6,20,108,UNAVAILABLE,Glucose4,0.0,0,0,0,0,0
rand3cnf_n20_r5.4,7,20,108,UNKNOWN,CertiProof,0.8967083999996248,50003,50000,50000,0,0
rand3cnf_n20_r5.4,7,20,108,UNSAT,DPLL-Baseline,0.0030246000005718088,12,0,0,0,0
rand3cnf_n20_r5.4,7,20,108,UNAVAILABLE,Glucose4,0.0,0,0,0,0,0
rand3cnf_n20_r5.4,8,20,108,UNKNOWN,CertiProof,0.9399699000005057,50004,50000,50000,0,0
rand3cnf_n20_r5.4,8,20,108,UNSAT,DPLL-Baseline,0.0012556000001495704,6,0,0,0,0
rand3cnf_n20_r5.4,8,20,108,UNAVAILABLE,Glucose4,0.0,0,0,0,0,0
rand3cnf_n20_r5.4,9,20,108,UNKNOWN,CertiProof,2.0651858999999604,50004,50000,50000,0,0
rand3cnf_n20_r5.4,9,20,108,UNSAT,DPLL-Baseline,0.0024817000003167777,9,0,0,0,0
rand3cnf_n20_r5.4,9,20,108,UNAVAILABLE,Glucose4,0.0,0,0,0,0,0
rand3cnf_n20_r5.6,0,20,112,UNKNOWN,CertiProof,0.9271886000005907,50001,50000,50000,0,0
rand3cnf_n20_r5.6,0,20,112,UNSAT,DPLL-Baseline,0.0033111000002463697,17,0,0,0,0
rand3cnf_n20_r5.6,0,20,112,UNAVAILABLE,Glucose4,0.0,0,0,0,0,0
rand3cnf_n20_r5.6,1,20,112,UNKNOWN,CertiProof,1.200923800000055,50003,50000,50000,0,0
rand3cnf_n20_r5.6,1,20,112,UNSAT,DPLL-Baseline,0.0033465000005890033,14,0,0,0,0
rand3cnf_n20_r5.6,1,20,112,UNAVAILABLE,Glucose4,0.0,0,0,0,0,0
rand3cnf_n20_r5.6,2,20,112,UNKNOWN,CertiProof,1.1975800000000163,50003,50000,50000,0,0
rand3cnf_n20_r5.6,2,20,112,UNSAT,DPLL-Baseline,0.0016378000000258908,8,0,0,0,0
rand3cnf_n20_r5.6,2,20,112,UNAVAILABLE,Glucose4,0.0,0,0,0,0,0
rand3cnf_n20_r5.6,3,20,112,UNKNOWN,CertiProof,113.99993309999991,150000,50000,50000,0,0
rand3cnf_n20_r5.6,3,20,112,UNSAT,DPLL-Baseline,0.0030777000001762644,12,0,0,0,0
rand3cnf_n20_r5.6,3,20,112,UNAVAILABLE,Glucose4,0.0,0,0,0,0,0
rand3cnf_n20_r5.6,4,20,112,UNKNOWN,CertiProof,0.8555086000005758,50003,50000,50000,0,0
rand3cnf_n20_r5.6,4,20,112,UNSAT,DPLL-Baseline,0.0022096000002420624,8,0,0,0,0
rand3cnf_n20_r5.6,4,20,112,UNAVAILABLE,Glucose4,0.0,0,0,0,0,0
rand3cnf_n20_r5.6,5,20,112,UNKNOWN,CertiProof,0.7740602999992916,50006,50000,50000,0,0
rand3cnf_n20_r5.6,5,20,112,UNSAT,DPLL-Baseline,0.0016317999998136656,8,0,0,0,0
rand3cnf_n20_r5.6,5,20,112,UNAVAILABLE,Glucose4,0.0,0,0,0,0,0
rand3cnf_n20_r5.6,6,20,112,UNKNOWN,CertiProof,0.7413966000003711,50001,50000,50000,0,0
rand3cnf_n20_r5.6,6,20,112,UNSAT,DPLL-Baseline,0.0026785000000018044,11,0,0,0,0
rand3cnf_n20_r5.6,6,20,112,UNAVAILABLE,Glucose4,0.0,0,0,0,0,0
rand3cnf_n20_r5.6,7,20,112,UNKNOWN,CertiProof,0.7432190999998056,50002,50000,50000,0,0
rand3cnf_n20_r5.6,7,20,112,UNSAT,DPLL-Baseline,0.0028886999998576357,15,0,0,0,0
rand3cnf_n20_r5.6,7,20,112,UNAVAILABLE,Glucose4,0.0,0,0,0,0,0
rand3cnf_n20_r5.6,8,20,112,UNKNOWN,CertiProof,0.7192855000002965,50001,50000,50000,0,0
rand3cnf_n20_r5.6,8,20,112,UNSAT,DPLL-Baseline,0.0018252999998367159,9,0,0,0,0
rand3cnf_n20_r5.6,8,20,112,UNAVAILABLE,Glucose4,0.0,0,0,0,0,0
rand3cnf_n20_r5.6,9,20,112,UNKNOWN,CertiProof,0.7534516000005169,50008,50000,50000,0,0
rand3cnf_n20_r5.6,9,20,112,UNSAT,DPLL-Baseline,0.0017748999998730142,9,0,0,0,0
rand3cnf_n20_r5.6,9,20,112,UNAVAILABLE,Glucose4,0.0,0,0,0,0,0
rand3cnf_n20_r5.8,0,20,116,UNKNOWN,CertiProof,0.755827799999679,50003,50000,50000,0,0
rand3cnf_n20_r5.8,0,20,116,UNSAT,DPLL-Baseline,0.0038214999995034304,20,0,0,0,0
rand3cnf_n20_r5.8,0,20,116,UNAVAILABLE,Glucose4,0.0,0,0,0,0,0
rand3cnf_n20_r5.8,1,20,116,UNKNOWN,CertiProof,0.8450573999998596,50005,50000,50000,0,0
rand3cnf_n20_r5.8,1,20,116,UNSAT,DPLL-Baseline,0.0019357999999556341,10,0,0,0,0
rand3cnf_n20_r5.8,1,20,116,UNAVAILABLE,Glucose4,0.0,0,0,0,0,0
rand3cnf_n20_r5.8,2,20,116,UNKNOWN,CertiProof,0.8144095999996352,50002,50000,50000,0,0
rand3cnf_n20_r5.8,2,20,116,UNSAT,DPLL-Baseline,0.003210199999557517,17,0,0,0,0
rand3cnf_n20_r5.8,2,20,116,UNAVAILABLE,Glucose4,0.0,0,0,0,0,0
rand3cnf_n20_r5.8,3,20,116,UNKNOWN,CertiProof,0.7478197000000364,50001,50000,50000,0,0
rand3cnf_n20_r5.8,3,20,116,UNSAT,DPLL-Baseline,0.001151899999968009,8,0,0,0,0
rand3cnf_n20_r5.8,3,20,116,UNAVAILABLE,Glucose4,0.0,0,0,0,0,0
rand3cnf_n20_r5.8,4,20,116,UNKNOWN,CertiProof,0.757503199999519,50001,50000,50000,0,0
rand3cnf_n20_r5.8,4,20,116,UNSAT,DPLL-Baseline,0.004242199999680452,16,0,0,0,0
rand3cnf_n20_r5.8,4,20,116,UNAVAILABLE,Glucose4,0.0,0,0,0,0,0
rand3cnf_n20_r5.8,5,20,116,UNKNOWN,CertiProof,1.7183414999999513,50003,50000,50000,0,0
rand3cnf_n20_r5.8,5,20,116,SAT,DPLL-Baseline,0.002485300000444113,14,0,0,0,0
rand3cnf_n20_r5.8,5,20,116,UNAVAILABLE,Glucose4,0.0,0,0,0,0,0
rand3cnf_n20_r5.8,6,20,116,UNKNOWN,CertiProof,0.6875391000003219,50004,50000,50000,0,0
rand3cnf_n20_r5.8,6,20,116,SAT,DPLL-Baseline,0.002147299999705865,10,0,0,0,0
rand3cnf_n20_r5.8,6,20,116,UNAVAILABLE,Glucose4,0.0,0,0,0,0,0
rand3cnf_n20_r5.8,7,20,116,UNKNOWN,CertiProof,0.7099212000002808,50002,50000,50000,0,0
rand3cnf_n20_r5.8,7,20,116,UNSAT,DPLL-Baseline,0.0022347999993144185,13,0,0,0,0
rand3cnf_n20_r5.8,7,20,116,UNAVAILABLE,Glucose4,0.0,0,0,0,0,0
rand3cnf_n20_r5.8,8,20,116,UNKNOWN,CertiProof,0.7880989999994199,50009,50000,50000,0,0
rand3cnf_n20_r5.8,8,20,116,UNSAT,DPLL-Baseline,0.002466699999786215,14,0,0,0,0
rand3cnf_n20_r5.8,8,20,116,UNAVAILABLE,Glucose4,0.0,0,0,0,0,0
rand3cnf_n20_r5.8,9,20,116,UNKNOWN,CertiProof,0.6869052999991254,50001,50000,50000,0,0
rand3cnf_n20_r5.8,9,20,116,UNSAT,DPLL-Baseline,0.00243640000007872,12,0,0,0,0
rand3cnf_n20_r5.8,9,20,116,UNAVAILABLE,Glucose4,0.0,0,0,0,0,0
rand3cnf_n20_r6.0,0,20,120,UNKNOWN,CertiProof,0.700529099999585,50003,50000,50000,0,0
rand3cnf_n20_r6.0,0,20,120,UNSAT,DPLL-Baseline,0.0030913000000509783,18,0,0,0,0
rand3cnf_n20_r6.0,0,20,120,UNAVAILABLE,Glucose4,0.0,0,0,0,0,0
rand3cnf_n20_r6.0,1,20,120,UNKNOWN,CertiProof,2.6845780000003288,50001,50000,50000,0,0
rand3cnf_n20_r6.0,1,20,120,UNSAT,DPLL-Baseline,0.0012064000002283137,6,0,0,0,0
rand3cnf_n20_r6.0,1,20,120,UNAVAILABLE,Glucose4,0.0,0,0,0,0,0
rand3cnf_n20_r6.0,2,20,120,UNKNOWN,CertiProof,1.1047647000004872,50002,50000,50000,0,0
rand3cnf_n20_r6.0,2,20,120,SAT,DPLL-Baseline,0.0017163999991680612,6,0,0,0,0
rand3cnf_n20_r6.0,2,20,120,UNAVAILABLE,Glucose4,0.0,0,0,0,0,0
rand3cnf_n20_r6.0,3,20,120,UNKNOWN,CertiProof,0.6852568999993309,50003,50000,50000,0,0
rand3cnf_n20_r6.0,3,20,120,UNSAT,DPLL-Baseline,0.004101999999875261,11,0,0,0,0
rand3cnf_n20_r6.0,3,20,120,UNAVAILABLE,Glucose4,0.0,0,0,0,0,0
rand3cnf_n20_r6.0,4,20,120,UNKNOWN,CertiProof,0.7022061999996367,50001,50000,50000,0,0
rand3cnf_n20_r6.0,4,20,120,UNSAT,DPLL-Baseline,0.0017945999998119078,7,0,0,0,0
rand3cnf_n20_r6.0,4,20,120,UNAVAILABLE,Glucose4,0.0,0,0,0,0,0
rand3cnf_n20_r6.0,5,20,120,UNKNOWN,CertiProof,0.6958667999997488,50001,50000,50000,0,0
rand3cnf_n20_r6.0,5,20,120,UNSAT,DPLL-Baseline,0.002916600000389735,15,0,0,0,0
rand3cnf_n20_r6.0,5,20,120,UNAVAILABLE,Glucose4,0.0,0,0,0,0,0
rand3cnf_n20_r6.0,6,20,120,UNKNOWN,CertiProof,0.7727209000004223,50002,50000,50000,0,0
rand3cnf_n20_r6.0,6,20,120,UNSAT,DPLL-Baseline,0.0026622000004863366,13,0,0,0,0
rand3cnf_n20_r6.0,6,20,120,UNAVAILABLE,Glucose4,0.0,0,0,0,0,0
rand3cnf_n20_r6.0,7,20,120,UNKNOWN,CertiProof,0.8677916999995432,50004,50000,50000,0,0
rand3cnf_n20_r6.0,7,20,120,UNSAT,DPLL-Baseline,0.0028957000004083966,14,0,0,0,0
rand3cnf_n20_r6.0,7,20,120,UNAVAILABLE,Glucose4,0.0,0,0,0,0,0
rand3cnf_n20_r6.0,8,20,120,UNKNOWN,CertiProof,0.7171989999997095,50002,50000,50000,0,0
rand3cnf_n20_r6.0,8,20,120,UNSAT,DPLL-Baseline,0.0032492000000274857,17,0,0,0,0
rand3cnf_n20_r6.0,8,20,120,UNAVAILABLE,Glucose4,0.0,0,0,0,0,0
rand3cnf_n20_r6.0,9,20,120,UNKNOWN,CertiProof,0.790066300000035,50002,50000,50000,0,0
rand3cnf_n20_r6.0,9,20,120,UNSAT,DPLL-Baseline,0.0011320000003252062,5,0,0,0,0
rand3cnf_n20_r6.0,9,20,120,UNAVAILABLE,Glucose4,0.0,0,0,0,0,0
